intent,question,answer
borrow_book,how do i borrow a book,"To borrow a book, bring your student ID to the Service Counter on Level G, present the book you want to borrow, and the librarian will scan and issue it to you."
borrow_book,what is the process to borrow a book,"To borrow a book, bring your student ID to the Service Counter on Level G, present the book you want to borrow, and the librarian will scan and issue it to you."
borrow_book,how can i loan a book from the library,"To borrow a book, bring your student ID to the Service Counter on Level G, present the book you want to borrow, and the librarian will scan and issue it to you."
borrow_book,steps to borrow a book,"To borrow a book, bring your student ID to the Service Counter on Level G, present the book you want to borrow, and the librarian will scan and issue it to you."
borrow_book,how does book borrowing work here,"To borrow a book, bring your student ID to the Service Counter on Level G, present the book you want to borrow, and the librarian will scan and issue it to you."
borrow_book,can you explain how to borrow books,"To borrow a book, bring your student ID to the Service Counter on Level G, present the book you want to borrow, and the librarian will scan and issue it to you."
borrow_book,how do i check out a book,"To borrow a book, bring your student ID to the Service Counter on Level G, present the book you want to borrow, and the librarian will scan and issue it to you."
borrow_book,what do i need to do to borrow a book,"To borrow a book, bring your student ID to the Service Counter on Level G, present the book you want to borrow, and the librarian will scan and issue it to you."
borrow_book,how to loan out a book,"To borrow a book, bring your student ID to the Service Counter on Level G, present the book you want to borrow, and the librarian will scan and issue it to you."
borrow_book,explain the borrowing process pls,"To borrow a book, bring your student ID to the Service Counter on Level G, present the book you want to borrow, and the librarian will scan and issue it to you."
borrow_book,how do students borrow books here,"To borrow a book, bring your student ID to the Service Counter on Level G, present the book you want to borrow, and the librarian will scan and issue it to you."
borrow_book,what's the procedure for borrowing books,"To borrow a book, bring your student ID to the Service Counter on Level G, present the book you want to borrow, and the librarian will scan and issue it to you."
borrow_quantity,how many books can i borrow,You can borrow up to 5 books at a time as a student.
borrow_quantity,what's the max number of books i can loan,You can borrow up to 5 books at a time as a student.
borrow_quantity,is there a limit on how many books i can borrow,You can borrow up to 5 books at a time as a student.
borrow_quantity,how many books am i allowed to borrow at once,You can borrow up to 5 books at a time as a student.
borrow_quantity,maximum book borrowing limit for students,You can borrow up to 5 books at a time as a student.
borrow_quantity,can i borrow more than 5 books,You can borrow up to 5 books at a time as a student.
borrow_quantity,how many items can i check out,You can borrow up to 5 books at a time as a student.
borrow_quantity,what's the borrowing limit here,You can borrow up to 5 books at a time as a student.
borrow_quantity,how many books allowed per student,You can borrow up to 5 books at a time as a student.
borrow_quantity,is there a cap on books i can borrow,You can borrow up to 5 books at a time as a student.
borrow_quantity,max books i can take out at once,You can borrow up to 5 books at a time as a student.
borrow_quantity,how many titles can i borrow simultaneously,You can borrow up to 5 books at a time as a student.
borrow_location,where do i borrow my books,You need to borrow books at the Service Counter on Level G.
borrow_location,where can i borrow a book,You need to borrow books at the Service Counter on Level G.
borrow_location,where is the book borrow area,You need to borrow books at the Service Counter on Level G.
borrow_location,where can i borrow books in the library,You need to borrow books at the Service Counter on Level G.
borrow_location,which counter do i borrow books to,You need to borrow books at the Service Counter on Level G.
borrow_location,where is the borrow point for books,You need to borrow books at the Service Counter on Level G.
borrow_location,where do i go to borrow library books,You need to borrow books at the Service Counter on Level G.
borrow_location,where is the counter to borrow books,You need to borrow books at the Service Counter on Level G.
borrow_location,where exactly do i borrow books from,You need to borrow books at the Service Counter on Level G.
borrow_location,where's the borrow section located,You need to borrow books at the Service Counter on Level G.
borrow_location,which counter to borrow books,You need to borrow books at the Service Counter on Level G.
borrow_location,which area is for book borrows,You need to borrow books at the Service Counter on Level G.
borrow_requirement,what do i need to bring to borrow a book, You must bring your student ID card then only you can borrow a book.
borrow_requirement,do i need my student id to borrow books, You must bring your student ID card then only you can borrow a book.
borrow_requirement,what's required to borrow a book here, You must bring your student ID card then only you can borrow a book.
borrow_requirement,do i need any documents to borrow a book, You must bring your student ID card then only you can borrow a book.
borrow_requirement,what identification do i need to borrow, You must bring your student ID card then only you can borrow a book.
borrow_requirement,is student id required for borrowing, You must bring your student ID card then only you can borrow a book.
borrow_requirement,can i just borrow the book without student id, You must bring your student ID card then only you can borrow a book.
borrow_requirement,what do i need for borrow a book, You must bring your student ID card then only you can borrow a book.
borrow_requirement,is anythings require for borrow a book, You must bring your student ID card then only you can borrow a book.
borrow_requirement,how to borrow a book, You must bring your student ID card then only you can borrow a book.
borrow_requirement,what items do i need to bring to loan a book, You must bring your student ID card then only you can borrow a book.
borrow_requirement,requirements to borrow a book from library, You must bring your student ID card then only you can borrow a book.
return_location,where do i return my books,You can return your books at the Service Counter or the Book Return Machine near the library entrance.
return_location,where can i return a borrowed book,You can return your books at the Service Counter or the Book Return Machine near the library entrance.
return_location,where is the book return area,You can return your books at the Service Counter or the Book Return Machine near the library entrance.
return_location,where should i drop off my books,You can return your books at the Service Counter or the Book Return Machine near the library entrance.
return_location,which counter do i return books to,You can return your books at the Service Counter or the Book Return Machine near the library entrance.
return_location,where is the return point for books,You can return your books at the Service Counter or the Book Return Machine near the library entrance.
return_location,where do i go to return library books,You can return your books at the Service Counter or the Book Return Machine near the library entrance.
return_location,location to return borrowed items,You can return your books at the Service Counter or the Book Return Machine near the library entrance.
return_location,where can i give back my book,You can return your books at the Service Counter or the Book Return Machine near the library entrance.
return_location,where's the return section located,You can return your books at the Service Counter or the Book Return Machine near the library entrance.
return_location,where do i submit my returned books,You can return your books at the Service Counter or the Book Return Machine near the library entrance.
return_location,which area is for book returns,You can return your books at the Service Counter or the Book Return Machine near the library entrance.
counter_return,can i return book at the counter,"Yes, you can return your book at the Service Counter on Level G."
counter_return,is counter return allowed,"Yes, you can return your book at the Service Counter on Level G."
counter_return,can i return my book to a staff member directly,"Yes, you can return your book at the Service Counter on Level G."
counter_return,am i allowed to return books at the service counter,"Yes, you can return your book at the Service Counter on Level G."
counter_return,can i hand in my book at the counter,"Yes, you can return your book at the Service Counter on Level G."
counter_return,is it possible to return a book to staff,"Yes, you can return your book at the Service Counter on Level G."
counter_return,can i return via the circulation counter,"Yes, you can return your book at the Service Counter on Level G."
counter_return,does the counter accept book returns,"Yes, you can return your book at the Service Counter on Level G."
counter_return,can i return my book in person at the counter,"Yes, you can return your book at the Service Counter on Level G."
counter_return,is counter return an option here,"Yes, you can return your book at the Service Counter on Level G."
counter_return,can staff accept my book return at the counter,"Yes, you can return your book at the Service Counter on Level G."
counter_return,am i able to return books directly to a librarian,"Yes, you can return your book at the Service Counter on Level G."
machine_return,can i use the machine to return books,"Yes, you can also return your book using the self-service Book Return Machine located near the library entrance."
machine_return,is there a self return machine,"Yes, you can also return your book using the self-service Book Return Machine located near the library entrance."
machine_return,can i return books through the machine,"Yes, you can also return your book using the self-service Book Return Machine located near the library entrance."
machine_return,does the library have an automated return machine,"Yes, you can also return your book using the self-service Book Return Machine located near the library entrance."
machine_return,where is the book return machine,"Yes, you can also return your book using the self-service Book Return Machine located near the library entrance."
machine_return,can i use the rfid machine to return books,"Yes, you can also return your book using the self-service Book Return Machine located near the library entrance."
machine_return,is there a drop box machine for returns,"Yes, you can also return your book using the self-service Book Return Machine located near the library entrance."
machine_return,can i return my book without going to the counter,"Yes, you can also return your book using the self-service Book Return Machine located near the library entrance."
machine_return,is self service return available,"Yes, you can also return your book using the self-service Book Return Machine located near the library entrance."
machine_return,how does the return machine work,"Yes, you can also return your book using the self-service Book Return Machine located near the library entrance."
machine_return,can i just scan my book at the machine to return it,"Yes, you can also return your book using the self-service Book Return Machine located near the library entrance."
machine_return,is there an automatic book drop machine,"Yes, you can also return your book using the self-service Book Return Machine located near the library entrance."
renew_location,where can i renew my book,You can renew your book online at Service Counter on Level G.
renew_location,where do i go to renew a book,You can renew your book online at Service Counter on Level G.
renew_location,can i renew my book online,You can renew your book online at Service Counter on Level G.
renew_location,where should i renew my borrowed book,You can renew your book online at Service Counter on Level G.
renew_location,is there an online option to renew books,You can renew your book online at Service Counter on Level G.
renew_location,where do i extend my book loan,You can renew your book online at Service Counter on Level G.
renew_location,where can i do book renewal,You can renew your book online at Service Counter on Level G.
renew_location,can renewal be done outside the library,You can renew your book online at Service Counter on Level G.
renew_location,where is renewal handled,You can renew your book online at Service Counter on Level G.
renew_location,do i have to come to the library to renew,You can renew your book online at Service Counter on Level G.
renew_location,where can i extend my loan period,You can renew your book online at Service Counter on Level G.
renew_location,renewal location for borrowed books,You can renew your book online at Service Counter on Level G.
renew_day,how many days can i renew my book for,You can renew your book for an additional 14 days.
renew_day,how long is the renewal period,You can renew your book for an additional 14 days.
renew_day,how many extra days do i get when i renew,You can renew your book for an additional 14 days.
renew_day,what's the renewal duration,You can renew your book for an additional 14 days.
renew_day,how many days does renewal add,You can renew your book for an additional 14 days.
renew_day,how long can i extend my book loan,You can renew your book for an additional 14 days.
renew_day,how many additional days for renewal,You can renew your book for an additional 14 days.
renew_day,renewal period is how many days,You can renew your book for an additional 14 days.
renew_day,how much longer can i keep the book after renewing,You can renew your book for an additional 14 days.
renew_day,how many days extension do i get,You can renew your book for an additional 14 days.
renew_day,what's the extended loan period after renewal,You can renew your book for an additional 14 days.
renew_day,how far can i push back the due date by renewing,You can renew your book for an additional 14 days.
renew_action,how do i renew my book,You must go to the Service Counter on Level G to renew a book.
renew_action,what's the process to renew a book,You must go to the Service Counter on Level G to renew a book.
renew_action,how can i extend my book loan,You must go to the Service Counter on Level G to renew a book.
renew_action,steps to renew a borrowed book,You must go to the Service Counter on Level G to renew a book.
renew_action,how do i renew online,You must go to the Service Counter on Level G to renew a book.
renew_action,how to extend the due date of my book,You must go to the Service Counter on Level G to renew a book.
renew_action,explain how renewal works,You must go to the Service Counter on Level G to renew a book.
renew_action,how do i click renew on the portal,You must go to the Service Counter on Level G to renew a book.
renew_action,what do i click to renew my loan,You must go to the Service Counter on Level G to renew a book.
renew_action,how to renew a book through my account,You must go to the Service Counter on Level G to renew a book.
renew_action,guide me through renewing a book,You must go to the Service Counter on Level G to renew a book.
renew_action,how does the renewal process work,You must go to the Service Counter on Level G to renew a book.
check_fine,how do i check my fine,You can check your fine by logging into the library portal and viewing the 'Fines' section under your account.
check_fine,where can i see my outstanding fine,You can check your fine by logging into the library portal and viewing the 'Fines' section under your account.
check_fine,how do i know if i have a fine,You can check your fine by logging into the library portal and viewing the 'Fines' section under your account.
check_fine,how to check if i owe any fines,You can check your fine by logging into the library portal and viewing the 'Fines' section under your account.
check_fine,where do i view my fine amount,You can check your fine by logging into the library portal and viewing the 'Fines' section under your account.
check_fine,how can i see my total fine balance,You can check your fine by logging into the library portal and viewing the 'Fines' section under your account.
check_fine,how do i check for overdue charges,You can check your fine by logging into the library portal and viewing the 'Fines' section under your account.
check_fine,is there a way to check my fines online,You can check your fine by logging into the library portal and viewing the 'Fines' section under your account.
check_fine,where is the fine information shown,You can check your fine by logging into the library portal and viewing the 'Fines' section under your account.
check_fine,how do i find out my fine amount,You can check your fine by logging into the library portal and viewing the 'Fines' section under your account.
check_fine,how can i view my account fines,You can check your fine by logging into the library portal and viewing the 'Fines' section under your account.
check_fine,where to check outstanding fine balance,You can check your fine by logging into the library portal and viewing the 'Fines' section under your account.
late_fine,how much is the late fine,The late return fine is RM0.50 per day per book.
late_fine,what's the penalty for returning a book late,The late return fine is RM0.50 per day per book.
late_fine,how much do i pay for overdue books,The late return fine is RM0.50 per day per book.
late_fine,what's the fine amount for late return,The late return fine is RM0.50 per day per book.
late_fine,how much is charged per day for late books,The late return fine is RM0.50 per day per book.
late_fine,what is the daily late fee,The late return fine is RM0.50 per day per book.
late_fine,how much fine per day for overdue items,The late return fine is RM0.50 per day per book.
late_fine,what's the cost of returning a book late,The late return fine is RM0.50 per day per book.
late_fine,how much is the overdue penalty,The late return fine is RM0.50 per day per book.
late_fine,what's the rate for late returns,The late return fine is RM0.50 per day per book.
late_fine,how much do i owe per day if book is late,The late return fine is RM0.50 per day per book.
late_fine,fine amount for each day overdue,The late return fine is RM0.50 per day per book.
lost_fine,how much do i pay if i lose a book,"If you lose a book, you will need to pay the full replacement cost of the book plus a RM20 processing fee."
lost_fine,what's the fine for losing a book,"If you lose a book, you will need to pay the full replacement cost of the book plus a RM20 processing fee."
lost_fine,what happens if i lost my borrowed book,"If you lose a book, you will need to pay the full replacement cost of the book plus a RM20 processing fee."
lost_fine,how much is the penalty for a lost book,"If you lose a book, you will need to pay the full replacement cost of the book plus a RM20 processing fee."
lost_fine,what do i need to pay if the book is lost,"If you lose a book, you will need to pay the full replacement cost of the book plus a RM20 processing fee."
lost_fine,cost of replacing a lost library book,"If you lose a book, you will need to pay the full replacement cost of the book plus a RM20 processing fee."
lost_fine,what's the charge for a missing book,"If you lose a book, you will need to pay the full replacement cost of the book plus a RM20 processing fee."
lost_fine,how much does a lost book cost me,"If you lose a book, you will need to pay the full replacement cost of the book plus a RM20 processing fee."
lost_fine,penalty amount for losing library items,"If you lose a book, you will need to pay the full replacement cost of the book plus a RM20 processing fee."
lost_fine,what fee applies if i can't find my book,"If you lose a book, you will need to pay the full replacement cost of the book plus a RM20 processing fee."
lost_fine,how much to compensate for a lost book,"If you lose a book, you will need to pay the full replacement cost of the book plus a RM20 processing fee."
lost_fine,what's the replacement fee for lost books,"If you lose a book, you will need to pay the full replacement cost of the book plus a RM20 processing fee."
fine_payment_method,what payment method do you accept for fines,You can only pay your fine by cash at the Service Counter on Level G.
fine_payment_method,how can i pay my fine,You can only pay your fine by cash at the Service Counter on Level G.
fine_payment_method,what way can i pay my outstanding fine,You can only pay your fine by cash at the Service Counter on Level G.
fine_payment_method,what payment options are available for fines,You can only pay your fine by cash at the Service Counter on Level G.
fine_payment_method,how do i settle my fine payment,You can only pay your fine by cash at the Service Counter on Level G.
fine_payment_method,what methods can i use to pay my fine,You can only pay your fine by cash at the Service Counter on Level G.
fine_payment_method,how do i clear my fine amount,You can only pay your fine by cash at the Service Counter on Level G.
fine_payment_method,what's accepted for fine payment,You can only pay your fine by cash at the Service Counter on Level G.
fine_payment_method,how are fines paid here,You can only pay your fine by cash at the Service Counter on Level G.
fine_payment_method,what form of payment is accepted for fines,You can only pay your fine by cash at the Service Counter on Level G.
fine_payment_method,how do i pay off my fine balance,You can only pay your fine by cash at the Service Counter on Level G.
fine_payment_method,what payment types do you accept for fines,You can only pay your fine by cash at the Service Counter on Level G.
fine_payment_cashless,can i pay my fine online,"No, we do not accept online or cashless payment. Fines can only be paid in cash at the counter."
fine_payment_cashless,do you accept card payment for fines,"No, we do not accept online or cashless payment. Fines can only be paid in cash at the counter."
fine_payment_cashless,is there cashless payment for fines,"No, we do not accept online or cashless payment. Fines can only be paid in cash at the counter."
fine_payment_cashless,can i use an ewallet to pay my fine,"No, we do not accept online or cashless payment. Fines can only be paid in cash at the counter."
fine_payment_cashless,can i pay fine through online banking,"No, we do not accept online or cashless payment. Fines can only be paid in cash at the counter."
fine_payment_cashless,do you accept touch n go for fines,"No, we do not accept online or cashless payment. Fines can only be paid in cash at the counter."
fine_payment_cashless,is online transfer accepted for fine payment,"No, we do not accept online or cashless payment. Fines can only be paid in cash at the counter."
fine_payment_cashless,can i pay my fine with a debit card,"No, we do not accept online or cashless payment. Fines can only be paid in cash at the counter."
fine_payment_cashless,is there a cashless option for fines,"No, we do not accept online or cashless payment. Fines can only be paid in cash at the counter."
fine_payment_cashless,can i settle my fine via mobile payment,"No, we do not accept online or cashless payment. Fines can only be paid in cash at the counter."
fine_payment_cashless,do you accept credit card for fine payment,"No, we do not accept online or cashless payment. Fines can only be paid in cash at the counter."
fine_payment_cashless,can i pay fine using duitnow or grabpay,"No, we do not accept online or cashless payment. Fines can only be paid in cash at the counter."
library_hour,what are the library operating hours,The library normally operates from 8:30 AM to 9:00 PM on weekdays and from 9:00 AM to 5:00 PM on Saturdays. Would you like to know the operating hours during the examination period or semester holidays? Please let me know.
library_hour,what time does the library open,The library normally operates from 8:30 AM to 9:00 PM on weekdays and from 9:00 AM to 5:00 PM on Saturdays. Would you like to know the operating hours during the examination period or semester holidays? Please let me know.
library_hour,what time does the library close,The library normally operates from 8:30 AM to 9:00 PM on weekdays and from 9:00 AM to 5:00 PM on Saturdays. Would you like to know the operating hours during the examination period or semester holidays? Please let me know.
library_hour,what are your opening hours,The library normally operates from 8:30 AM to 9:00 PM on weekdays and from 9:00 AM to 5:00 PM on Saturdays. Would you like to know the operating hours during the examination period or semester holidays? Please let me know.
library_hour,when is the library open,The library normally operates from 8:30 AM to 9:00 PM on weekdays and from 9:00 AM to 5:00 PM on Saturdays. Would you like to know the operating hours during the examination period or semester holidays? Please let me know.
library_hour,what hours is the library operating,The library normally operates from 8:30 AM to 9:00 PM on weekdays and from 9:00 AM to 5:00 PM on Saturdays. Would you like to know the operating hours during the examination period or semester holidays? Please let me know.
library_hour,what time can i visit the library,The library normally operates from 8:30 AM to 9:00 PM on weekdays and from 9:00 AM to 5:00 PM on Saturdays. Would you like to know the operating hours during the examination period or semester holidays? Please let me know.
library_hour,library hours pls,The library normally operates from 8:30 AM to 9:00 PM on weekdays and from 9:00 AM to 5:00 PM on Saturdays. Would you like to know the operating hours during the examination period or semester holidays? Please let me know.
library_hour,when does the library open and close,The library normally operates from 8:30 AM to 9:00 PM on weekdays and from 9:00 AM to 5:00 PM on Saturdays. Would you like to know the operating hours during the examination period or semester holidays? Please let me know.
library_hour,what's the library's operating schedule,The library normally operates from 8:30 AM to 9:00 PM on weekdays and from 9:00 AM to 5:00 PM on Saturdays. Would you like to know the operating hours during the examination period or semester holidays? Please let me know.
library_hour,tell me the library's opening times,The library normally operates from 8:30 AM to 9:00 PM on weekdays and from 9:00 AM to 5:00 PM on Saturdays. Would you like to know the operating hours during the examination period or semester holidays? Please let me know.
library_hour,what time is the library open until,The library normally operates from 8:30 AM to 9:00 PM on weekdays and from 9:00 AM to 5:00 PM on Saturdays. Would you like to know the operating hours during the examination period or semester holidays? Please let me know.
exam_period,what are the library operating hours on exam period,"During examination periods, the library operates from 8:30 AM to 9:00 PM on weekdays, 8:30 AM to 5:00 PM on Saturdays, and 9:00 AM to 5:00 PM on Sundays."
exam_period,what time does the library open on exam period,"During examination periods, the library operates from 8:30 AM to 9:00 PM on weekdays, 8:30 AM to 5:00 PM on Saturdays, and 9:00 AM to 5:00 PM on Sundays."
exam_period,what time does the library close on exam period,"During examination periods, the library operates from 8:30 AM to 9:00 PM on weekdays, 8:30 AM to 5:00 PM on Saturdays, and 9:00 AM to 5:00 PM on Sundays."
exam_period,what are your opening hours on exam period,"During examination periods, the library operates from 8:30 AM to 9:00 PM on weekdays, 8:30 AM to 5:00 PM on Saturdays, and 9:00 AM to 5:00 PM on Sundays."
exam_period,when is the library open on exam period,"During examination periods, the library operates from 8:30 AM to 9:00 PM on weekdays, 8:30 AM to 5:00 PM on Saturdays, and 9:00 AM to 5:00 PM on Sundays."
exam_period,what hours is the library operating on exam period,"During examination periods, the library operates from 8:30 AM to 9:00 PM on weekdays, 8:30 AM to 5:00 PM on Saturdays, and 9:00 AM to 5:00 PM on Sundays."
exam_period,what time can i visit the library on exam period,"During examination periods, the library operates from 8:30 AM to 9:00 PM on weekdays, 8:30 AM to 5:00 PM on Saturdays, and 9:00 AM to 5:00 PM on Sundays."
exam_period,library exam period hours pls,"During examination periods, the library operates from 8:30 AM to 9:00 PM on weekdays, 8:30 AM to 5:00 PM on Saturdays, and 9:00 AM to 5:00 PM on Sundays."
exam_period,when does the library open and close on exam period,"During examination periods, the library operates from 8:30 AM to 9:00 PM on weekdays, 8:30 AM to 5:00 PM on Saturdays, and 9:00 AM to 5:00 PM on Sundays."
exam_period,what's the library's operating schedule on exam period,"During examination periods, the library operates from 8:30 AM to 9:00 PM on weekdays, 8:30 AM to 5:00 PM on Saturdays, and 9:00 AM to 5:00 PM on Sundays."
exam_period,tell me the library's opening times on exam period,"During examination periods, the library operates from 8:30 AM to 9:00 PM on weekdays, 8:30 AM to 5:00 PM on Saturdays, and 9:00 AM to 5:00 PM on Sundays."
exam_period,what time is the library open until on exam period,"During examination periods, the library operates from 8:30 AM to 9:00 PM on weekdays, 8:30 AM to 5:00 PM on Saturdays, and 9:00 AM to 5:00 PM on Sundays."
operating_weekend,is the library open on weekends,The library is only open on Saturday during the weekend. Sunday is closed.
operating_weekend,does the library operate on weekends,The library is only open on Saturday during the weekend. Sunday is closed.
operating_weekend,what are the weekend operating hours,The library is only open on Saturday during the weekend. Sunday is closed.
operating_weekend,is the library open on saturday and sunday,The library is only open on Saturday during the weekend. Sunday is closed.
operating_weekend,can i visit the library over the weekend,The library is only open on Saturday during the weekend. Sunday is closed.
operating_weekend,does the library open during the weekend,The library is only open on Saturday during the weekend. Sunday is closed.
operating_weekend,is the library available on weekends,The library is only open on Saturday during the weekend. Sunday is closed.
operating_weekend,what days is the library open on weekends,The library is only open on Saturday during the weekend. Sunday is closed.
operating_weekend,is weekend access available at the library,The library is only open on Saturday during the weekend. Sunday is closed.
operating_weekend,does the library close during weekends,The library is only open on Saturday during the weekend. Sunday is closed.
operating_weekend,weekend hours for the library,The library is only open on Saturday during the weekend. Sunday is closed.
operating_weekend,is the library open saturday and sunday,The library is only open on Saturday during the weekend. Sunday is closed.
closure_sunday,is the library open on sunday,"No, the library is closed on Sunday."
closure_sunday,does the library operate on sunday,"No, the library is closed on Sunday."
closure_sunday,can i visit the library on sunday,"No, the library is closed on Sunday."
closure_sunday,is sunday an operating day for the library,"No, the library is closed on Sunday."
closure_sunday,is the library closed on sunday,"No, the library is closed on Sunday."
closure_sunday,can i study in the library on sunday,"No, the library is closed on Sunday."
closure_sunday,is the library available on sunday,"No, the library is closed on Sunday."
closure_sunday,does the library open on sunday,"No, the library is closed on Sunday."
closure_sunday,sunday operating hours for library,"No, the library is closed on Sunday."
closure_sunday,is it possible to go to the library on sunday,"No, the library is closed on Sunday."
closure_sunday,does library close every sunday,"No, the library is closed on Sunday."
closure_sunday,is sunday a rest day for the library,"No, the library is closed on Sunday."
closure_public_holiday,is the library open on public holidays,"No, the library does not open on public holidays."
closure_public_holiday,does the library operate on public holidays,"No, the library does not open on public holidays."
closure_public_holiday,is the library closed during public holidays,"No, the library does not open on public holidays."
closure_public_holiday,can i visit the library on a public holiday,"No, the library does not open on public holidays."
closure_public_holiday,does library open on national holidays,"No, the library does not open on public holidays."
closure_public_holiday,is the library available during public holidays,"No, the library does not open on public holidays."
closure_public_holiday,does the library close for public holidays,"No, the library does not open on public holidays."
closure_public_holiday,is public holiday an off day for the library,"No, the library does not open on public holidays."
closure_public_holiday,will the library be open on a holiday,"No, the library does not open on public holidays."
closure_public_holiday,does the library operate during festive holidays,"No, the library does not open on public holidays."
closure_public_holiday,is the library closed on national holidays,"No, the library does not open on public holidays."
closure_public_holiday,can i study in the library during a public holiday,"No, the library does not open on public holidays."
discussion_room_booking,can i book a discussion room,"Yes, you can book a discussion room through the TARCApp under ï¿½ï¿½ï¿½ï¿½ï¿½ï¿½ï¿½ï¿½ï¿½ï¿½ï¿½ï¿½ï¿½ï¿½ï¿½ï¿½ï¿½ï¿½ï¿½ï¿½ï¿½ï¿½ï¿½ï¿½ï¿½ï"
discussion_room_booking,how do i book a discussion room,"Yes, you can book a discussion room through the TARCApp under ï¿½ï¿½ï¿½ï¿½ï¿½ï¿½ï¿½ï¿½ï¿½ï¿½ï¿½ï¿½ï¿½ï¿½ï¿½ï¿½ï¿½ï¿½ï¿½ï¿½ï¿½ï¿½ï¿½ï¿½ï¿½ï"
discussion_room_booking,is it possible to reserve a discussion room,"Yes, you can book a discussion room through the TARCApp under ï¿½ï¿½ï¿½ï¿½ï¿½ï¿½ï¿½ï¿½ï¿½ï¿½ï¿½ï¿½ï¿½ï¿½ï¿½ï¿½ï¿½ï¿½ï¿½ï¿½ï¿½ï¿½ï¿½ï¿½ï¿½ï"
discussion_room_booking,how can i reserve a group study room,"Yes, you can book a discussion room through the TARCApp under ï¿½ï¿½ï¿½ï¿½ï¿½ï¿½ï¿½ï¿½ï¿½ï¿½ï¿½ï¿½ï¿½ï¿½ï¿½ï¿½ï¿½ï¿½ï¿½ï¿½ï¿½ï¿½ï¿½ï¿½ï¿½ï"
discussion_room_booking,what's the process to book a discussion room,"Yes, you can book a discussion room through the TARCApp under ï¿½ï¿½ï¿½ï¿½ï¿½ï¿½ï¿½ï¿½ï¿½ï¿½ï¿½ï¿½ï¿½ï¿½ï¿½ï¿½ï¿½ï¿½ï¿½ï¿½ï¿½ï¿½ï¿½ï¿½ï¿½ï"
discussion_room_booking,can students book discussion rooms,"Yes, you can book a discussion room through the TARCApp under ï¿½ï¿½ï¿½ï¿½ï¿½ï¿½ï¿½ï¿½ï¿½ï¿½ï¿½ï¿½ï¿½ï¿½ï¿½ï¿½ï¿½ï¿½ï¿½ï¿½ï¿½ï¿½ï¿½ï¿½ï¿½ï"
discussion_room_booking,how do i reserve a room for group study,"Yes, you can book a discussion room through the TARCApp under ï¿½ï¿½ï¿½ï¿½ï¿½ï¿½ï¿½ï¿½ï¿½ï¿½ï¿½ï¿½ï¿½ï¿½ï¿½ï¿½ï¿½ï¿½ï¿½ï¿½ï¿½ï¿½ï¿½ï¿½ï¿½ï"
discussion_room_booking,steps to book a discussion room,"Yes, you can book a discussion room through the TARCApp under ï¿½ï¿½ï¿½ï¿½ï¿½ï¿½ï¿½ï¿½ï¿½ï¿½ï¿½ï¿½ï¿½ï¿½ï¿½ï¿½ï¿½ï¿½ï¿½ï¿½ï¿½ï¿½ï¿½ï¿½ï¿½ï"
discussion_room_booking,is discussion room booking available,"Yes, you can book a discussion room through the TARCApp under ï¿½ï¿½ï¿½ï¿½ï¿½ï¿½ï¿½ï¿½ï¿½ï¿½ï¿½ï¿½ï¿½ï¿½ï¿½ï¿½ï¿½ï¿½ï¿½ï¿½ï¿½ï¿½ï¿½ï¿½ï¿½ï"
discussion_room_booking,how do i apply to book a room,"Yes, you can book a discussion room through the TARCApp under ï¿½ï¿½ï¿½ï¿½ï¿½ï¿½ï¿½ï¿½ï¿½ï¿½ï¿½ï¿½ï¿½ï¿½ï¿½ï¿½ï¿½ï¿½ï¿½ï¿½ï¿½ï¿½ï¿½ï¿½ï¿½ï"
discussion_room_booking,can i reserve a room for a group project,"Yes, you can book a discussion room through the TARCApp under ï¿½ï¿½ï¿½ï¿½ï¿½ï¿½ï¿½ï¿½ï¿½ï¿½ï¿½ï¿½ï¿½ï¿½ï¿½ï¿½ï¿½ï¿½ï¿½ï¿½ï¿½ï¿½ï¿½ï¿½ï¿½ï"
discussion_room_booking,how to secure a discussion room booking,"Yes, you can book a discussion room through the TARCApp under ï¿½ï¿½ï¿½ï¿½ï¿½ï¿½ï¿½ï¿½ï¿½ï¿½ï¿½ï¿½ï¿½ï¿½ï¿½ï¿½ï¿½ï¿½ï¿½ï¿½ï¿½ï¿½ï¿½ï¿½ï¿½ï"
type_discussion_room,what types of discussion rooms are available,"There are three types of discussion rooms: a normal discussion room, a discussion room with a PC, and a presentation room with LCD projection and a whiteboard."
type_discussion_room,what kind of discussion rooms do you have,"There are three types of discussion rooms: a normal discussion room, a discussion room with a PC, and a presentation room with LCD projection and a whiteboard."
type_discussion_room,what discussion room options are there,"There are three types of discussion rooms: a normal discussion room, a discussion room with a PC, and a presentation room with LCD projection and a whiteboard."
type_discussion_room,how many types of discussion rooms are there,"There are three types of discussion rooms: a normal discussion room, a discussion room with a PC, and a presentation room with LCD projection and a whiteboard."
type_discussion_room,what are the different discussion room types,"There are three types of discussion rooms: a normal discussion room, a discussion room with a PC, and a presentation room with LCD projection and a whiteboard."
type_discussion_room,can you list the types of discussion rooms,"There are three types of discussion rooms: a normal discussion room, a discussion room with a PC, and a presentation room with LCD projection and a whiteboard."
type_discussion_room,what facilities do discussion rooms have,"There are three types of discussion rooms: a normal discussion room, a discussion room with a PC, and a presentation room with LCD projection and a whiteboard."
type_discussion_room,is there a discussion room with a projector,"There are three types of discussion rooms: a normal discussion room, a discussion room with a PC, and a presentation room with LCD projection and a whiteboard."
type_discussion_room,do you have a discussion room with a pc,"There are three types of discussion rooms: a normal discussion room, a discussion room with a PC, and a presentation room with LCD projection and a whiteboard."
type_discussion_room,what's the difference between the discussion rooms,"There are three types of discussion rooms: a normal discussion room, a discussion room with a PC, and a presentation room with LCD projection and a whiteboard."
type_discussion_room,is there a presentation room available,"There are three types of discussion rooms: a normal discussion room, a discussion room with a PC, and a presentation room with LCD projection and a whiteboard."
type_discussion_room,what equipment is available in the discussion rooms,"There are three types of discussion rooms: a normal discussion room, a discussion room with a PC, and a presentation room with LCD projection and a whiteboard."
discussion_pax,how many people can book a discussion room,A discussion room can be booked for a group of 2 to 10 people.
discussion_pax,what's the pax range for a discussion room,A discussion room can be booked for a group of 2 to 10 people.
discussion_pax,how many people are needed to book a discussion room,A discussion room can be booked for a group of 2 to 10 people.
discussion_pax,what's the group size for discussion room booking,A discussion room can be booked for a group of 2 to 10 people.
discussion_pax,minimum and maximum pax for a discussion room,A discussion room can be booked for a group of 2 to 10 people.
discussion_pax,how many students can use a discussion room,A discussion room can be booked for a group of 2 to 10 people.
discussion_pax,what's the capacity for a discussion room booking,A discussion room can be booked for a group of 2 to 10 people.
discussion_pax,how many people allowed in a discussion room,A discussion room can be booked for a group of 2 to 10 people.
discussion_pax,what's the pax requirement for discussion rooms,A discussion room can be booked for a group of 2 to 10 people.
discussion_pax,how big can a discussion room group be,A discussion room can be booked for a group of 2 to 10 people.
discussion_pax,how many people fit in a discussion room booking,A discussion room can be booked for a group of 2 to 10 people.
discussion_pax,what's the group number required for discussion room,A discussion room can be booked for a group of 2 to 10 people.
discussion_min_pax,what's the minimum pax to book a discussion room,A minimum of 2 people is required to book a discussion room.
discussion_min_pax,how many people minimum needed to book a room,A minimum of 2 people is required to book a discussion room.
discussion_min_pax,minimum number of people required for room booking,A minimum of 2 people is required to book a discussion room.
discussion_min_pax,can i book a discussion room alone,A minimum of 2 people is required to book a discussion room.
discussion_min_pax,what's the smallest group size allowed to book,A minimum of 2 people is required to book a discussion room.
discussion_min_pax,minimum group size for discussion room,A minimum of 2 people is required to book a discussion room.
discussion_min_pax,how many people at least to reserve a room,A minimum of 2 people is required to book a discussion room.
discussion_min_pax,is there a minimum number of people to book,A minimum of 2 people is required to book a discussion room.
discussion_min_pax,least amount of people needed to book a room,A minimum of 2 people is required to book a discussion room.
discussion_min_pax,min pax required for discussion room,A minimum of 2 people is required to book a discussion room.
discussion_min_pax,smallest group allowed for room booking,A minimum of 2 people is required to book a discussion room.
discussion_min_pax,how many students minimum to book a discussion room,A minimum of 2 people is required to book a discussion room.
discussion_max_pax,what's the maximum pax for a discussion room,A maximum of 10 people can book a discussion room.
discussion_max_pax,how many people maximum can use a discussion room,A maximum of 10 people can book a discussion room.
discussion_max_pax,max group size for discussion room booking,A maximum of 10 people can book a discussion room.
discussion_max_pax,largest number of people allowed in a discussion room,A maximum of 10 people can book a discussion room.
discussion_max_pax,how many people can fit in a discussion room,A maximum of 10 people can book a discussion room.
discussion_max_pax,maximum capacity for discussion room,A maximum of 10 people can book a discussion room.
discussion_max_pax,biggest group size allowed to book a room,A maximum of 10 people can book a discussion room.
discussion_max_pax,how many students max per discussion room,A maximum of 10 people can book a discussion room.
discussion_max_pax,upper limit of people for a discussion room,A maximum of 10 people can book a discussion room.
discussion_max_pax,max number of people permitted in a room,A maximum of 10 people can book a discussion room.
discussion_max_pax,how many people can join a discussion room booking,A maximum of 10 people can book a discussion room.
discussion_max_pax,capacity limit for discussion rooms,A maximum of 10 people can book a discussion room.
discussion_book_hour,how many hours can i book a discussion room for,You can book a discussion room for a minimum of  30 minutes and a maximum of 3 hours per booking.
discussion_book_hour,what's the minimum booking duration for a room,You can book a discussion room for a minimum of  30 minutes and a maximum of 3 hours per booking.
discussion_book_hour,what's the maximum hours allowed per room booking,You can book a discussion room for a minimum of  30 minutes and a maximum of 3 hours per booking.
discussion_book_hour,how long can i reserve a discussion room,You can book a discussion room for a minimum of  30 minutes and a maximum of 3 hours per booking.
discussion_book_hour,min and max hours for booking a room,You can book a discussion room for a minimum of  30 minutes and a maximum of 3 hours per booking.
discussion_book_hour,how many hours am i allowed to book a room,You can book a discussion room for a minimum of  30 minutes and a maximum of 3 hours per booking.
discussion_book_hour,duration limit for discussion room booking,You can book a discussion room for a minimum of  30 minutes and a maximum of 3 hours per booking.
discussion_book_hour,how long is each room booking slot,You can book a discussion room for a minimum of  30 minutes and a maximum of 3 hours per booking.
discussion_book_hour,what's the booking time limit for rooms,You can book a discussion room for a minimum of  30 minutes and a maximum of 3 hours per booking.
discussion_book_hour,how many hours max can i use the room,You can book a discussion room for a minimum of  30 minutes and a maximum of 3 hours per booking.
discussion_book_hour,shortest and longest time i can book a room,You can book a discussion room for a minimum of  30 minutes and a maximum of 3 hours per booking.
discussion_book_hour,hour limit for reserving a discussion room,You can book a discussion room for a minimum of  30 minutes and a maximum of 3 hours per booking.
individual_room_booking,can i book a individual room,"Yes, you can book a individual room through the TARCApp under 'Facility Booking'."
individual_room_booking,how do i book a individual room,"Yes, you can book a individual room through the TARCApp under 'Facility Booking'."
individual_room_booking,is it possible to reserve a individual room,"Yes, you can book a individual room through the TARCApp under 'Facility Booking'."
individual_room_booking,how can i reserve a group study room,"Yes, you can book a individual room through the TARCApp under 'Facility Booking'."
individual_room_booking,what's the process to book a individual room,"Yes, you can book a individual room through the TARCApp under 'Facility Booking'."
individual_room_booking,can students book individual rooms,"Yes, you can book a individual room through the TARCApp under 'Facility Booking'."
individual_room_booking,how do i reserve a room for group study,"Yes, you can book a individual room through the TARCApp under 'Facility Booking'."
individual_room_booking,steps to book a individual room,"Yes, you can book a individual room through the TARCApp under 'Facility Booking'."
individual_room_booking,is individual room booking available,"Yes, you can book a individual room through the TARCApp under 'Facility Booking'."
individual_room_booking,how do i apply to book a room,"Yes, you can book a individual room through the TARCApp under 'Facility Booking'."
individual_room_booking,can i reserve a room for a group project,"Yes, you can book a individual room through the TARCApp under 'Facility Booking'."
individual_room_booking,how to secure a individual room booking,"Yes, you can book a individual room through the TARCApp under 'Facility Booking'."
individual_room,how many people can use an individual room,Only 1 person is allowed to enter an individual study room at a time.
individual_room,can more than one person use an individual study room,Only 1 person is allowed to enter an individual study room at a time.
individual_room,is individual room for one person only,Only 1 person is allowed to enter an individual study room at a time.
individual_room,how many students allowed in an individual room,Only 1 person is allowed to enter an individual study room at a time.
individual_room,can i bring a friend into an individual room,Only 1 person is allowed to enter an individual study room at a time.
individual_room,is the individual study room single occupancy,Only 1 person is allowed to enter an individual study room at a time.
individual_room,how many people fit in an individual room,Only 1 person is allowed to enter an individual study room at a time.
individual_room,capacity of the individual study room,Only 1 person is allowed to enter an individual study room at a time.
individual_room,can two people share an individual room,Only 1 person is allowed to enter an individual study room at a time.
individual_room,is individual room strictly for one person,Only 1 person is allowed to enter an individual study room at a time.
individual_room,max occupancy for individual study room,Only 1 person is allowed to enter an individual study room at a time.
individual_room,how many can enter the individual room at once,Only 1 person is allowed to enter an individual study room at a time.
individual_book_hour,how many hours can i book a individual room for,You can book a individual room for a minimum of  30 minutes and a maximum of 3 hours per booking.
individual_book_hour,what's the minimum booking duration for a room,You can book a individual room for a minimum of  30 minutes and a maximum of 3 hours per booking.
individual_book_hour,what's the maximum hours allowed per room booking,You can book a individual room for a minimum of  30 minutes and a maximum of 3 hours per booking.
individual_book_hour,how long can i reserve a individual room,You can book a individual room for a minimum of  30 minutes and a maximum of 3 hours per booking.
individual_book_hour,min and max hours for booking a room,You can book a individual room for a minimum of  30 minutes and a maximum of 3 hours per booking.
individual_book_hour,how many hours am i allowed to book a room,You can book a individual room for a minimum of  30 minutes and a maximum of 3 hours per booking.
individual_book_hour,duration limit for individual room booking,You can book a individual room for a minimum of  30 minutes and a maximum of 3 hours per booking.
individual_book_hour,how long is each room booking slot,You can book a individual room for a minimum of  30 minutes and a maximum of 3 hours per booking.
individual_book_hour,what's the booking time limit for rooms,You can book a individual room for a minimum of  30 minutes and a maximum of 3 hours per booking.
individual_book_hour,how many hours max can i use the room,You can book a individual room for a minimum of  30 minutes and a maximum of 3 hours per booking.
individual_book_hour,shortest and longest time i can book a room,You can book a individual room for a minimum of  30 minutes and a maximum of 3 hours per booking.
individual_book_hour,hour limit for reserving a individual room,You can book a individual room for a minimum of  30 minutes and a maximum of 3 hours per booking.
wifi_connect,is there wifi in the library,"Yes, the library provides free wifi access throughout the building."
wifi_connect,does the library have wifi,"Yes, the library provides free wifi access throughout the building."
wifi_connect,can i connect to wifi in the library,"Yes, the library provides free wifi access throughout the building."
wifi_connect,is wifi available throughout the library,"Yes, the library provides free wifi access throughout the building."
wifi_connect,does the library provide internet access,"Yes, the library provides free wifi access throughout the building."
wifi_connect,is there free wifi at the library,"Yes, the library provides free wifi access throughout the building."
wifi_connect,can i access the internet in the library,"Yes, the library provides free wifi access throughout the building."
wifi_connect,is wifi coverage available in the whole building,"Yes, the library provides free wifi access throughout the building."
wifi_connect,does the library offer wireless internet,"Yes, the library provides free wifi access throughout the building."
wifi_connect,is there internet connection in the library,"Yes, the library provides free wifi access throughout the building."
wifi_connect,can students use wifi in the library,"Yes, the library provides free wifi access throughout the building."
wifi_connect,is wifi accessible for library visitors,"Yes, the library provides free wifi access throughout the building."
wifi_password,how do i connect to the library wifi,"To connect, select the 'TARUMT West' wifi network and log in using your student email and password."
wifi_password,what's the wifi password,"To connect, select the 'TARUMT West' wifi network and log in using your student email and password."
wifi_password,how do i login to the wifi network,"To connect, select the 'TARUMT West' wifi network and log in using your student email and password."
wifi_password,what credentials do i use for wifi,"To connect, select the 'TARUMT West' wifi network and log in using your student email and password."
wifi_password,how can i access the wifi network,"To connect, select the 'TARUMT West' wifi network and log in using your student email and password."
wifi_password,what do i need to connect to wifi,"To connect, select the 'TARUMT West' wifi network and log in using your student email and password."
wifi_password,how do i get wifi access here,"To connect, select the 'TARUMT West' wifi network and log in using your student email and password."
wifi_password,what's the login for library wifi,"To connect, select the 'TARUMT West' wifi network and log in using your student email and password."
wifi_password,how to join the wifi network,"To connect, select the 'TARUMT West' wifi network and log in using your student email and password."
wifi_password,what account do i use to connect to wifi,"To connect, select the 'TARUMT West' wifi network and log in using your student email and password."
wifi_password,steps to connect to the library wifi,"To connect, select the 'TARUMT West' wifi network and log in using your student email and password."
wifi_password,how do i sign into the wifi,"To connect, select the 'TARUMT West' wifi network and log in using your student email and password."
ask_borrow_book,can i borrow a book,"Yes, what type of book would you like to borrow?"
ask_borrow_book,am i allowed to borrow a book,"Yes, what type of book would you like to borrow?"
ask_borrow_book,is it possible for me to borrow a book,"Yes, what type of book would you like to borrow?"
ask_borrow_book,can i loan a book from here,"Yes, what type of book would you like to borrow?"
ask_borrow_book,may i borrow a book today,"Yes, what type of book would you like to borrow?"
ask_borrow_book,am i able to borrow a book now,"Yes, what type of book would you like to borrow?"
ask_borrow_book,is borrowing a book allowed for me,"Yes, what type of book would you like to borrow?"
ask_borrow_book,can i take out a book from the library,"Yes, what type of book would you like to borrow?"
ask_borrow_book,would i be able to borrow a book,"Yes, what type of book would you like to borrow?"
ask_borrow_book,is it okay if i borrow a book,"Yes, what type of book would you like to borrow?"
ask_borrow_book,can students borrow a book here,"Yes, what type of book would you like to borrow?"
ask_borrow_book,am i eligible to borrow a book,"Yes, what type of book would you like to borrow?"
institutional_repository,where can i find past year exam papers,"Past year exam papers, FYP reports and postgraduate theses are stored in the library's Institutional Repository. Log in with your student credentials on the IR portal to search and download."
institutional_repository,how do i access the institutional repository,"Past year exam papers, FYP reports and postgraduate theses are stored in the library's Institutional Repository. Log in with your student credentials on the IR portal to search and download."
institutional_repository,where are fyp reports stored,"Past year exam papers, FYP reports and postgraduate theses are stored in the library's Institutional Repository. Log in with your student credentials on the IR portal to search and download."
institutional_repository,how do i download a thesis from the library,"Past year exam papers, FYP reports and postgraduate theses are stored in the library's Institutional Repository. Log in with your student credentials on the IR portal to search and download."
institutional_repository,where can i find postgraduate dissertations online,"Past year exam papers, FYP reports and postgraduate theses are stored in the library's Institutional Repository. Log in with your student credentials on the IR portal to search and download."
institutional_repository,how do i search for past exam papers,"Past year exam papers, FYP reports and postgraduate theses are stored in the library's Institutional Repository. Log in with your student credentials on the IR portal to search and download."
institutional_repository,what is the institutional repository,"Past year exam papers, FYP reports and postgraduate theses are stored in the library's Institutional Repository. Log in with your student credentials on the IR portal to search and download."
institutional_repository,where do i get final year project reports,"Past year exam papers, FYP reports and postgraduate theses are stored in the library's Institutional Repository. Log in with your student credentials on the IR portal to search and download."
institutional_repository,how can i access past semester test papers,"Past year exam papers, FYP reports and postgraduate theses are stored in the library's Institutional Repository. Log in with your student credentials on the IR portal to search and download."
institutional_repository,where is the thesis and dissertation collection,"Past year exam papers, FYP reports and postgraduate theses are stored in the library's Institutional Repository. Log in with your student credentials on the IR portal to search and download."
institutional_repository,how do i log in to the institutional repository,"Past year exam papers, FYP reports and postgraduate theses are stored in the library's Institutional Repository. Log in with your student credentials on the IR portal to search and download."
institutional_repository,where can i download previous exam questions,"Past year exam papers, FYP reports and postgraduate theses are stored in the library's Institutional Repository. Log in with your student credentials on the IR portal to search and download."
complain_staff,i want to talk to a staff member,"Sure, let me connect you to a librarian. You can also reach us through the Ask a Librarian chat, email, or phone during office hours."
complain_staff,can i speak to a real person,"Sure, let me connect you to a librarian. You can also reach us through the Ask a Librarian chat, email, or phone during office hours."
complain_staff,connect me to a librarian,"Sure, let me connect you to a librarian. You can also reach us through the Ask a Librarian chat, email, or phone during office hours."
complain_staff,i need help from an actual staff member,"Sure, let me connect you to a librarian. You can also reach us through the Ask a Librarian chat, email, or phone during office hours."
complain_staff,can i speak to someone in person,"Sure, let me connect you to a librarian. You can also reach us through the Ask a Librarian chat, email, or phone during office hours."
complain_staff,how do i contact library staff directly,"Sure, let me connect you to a librarian. You can also reach us through the Ask a Librarian chat, email, or phone during office hours."
complain_staff,put me through to a human please,"Sure, let me connect you to a librarian. You can also reach us through the Ask a Librarian chat, email, or phone during office hours."
complain_staff,the chatbot isn't helping i need a staff member,"Sure, let me connect you to a librarian. You can also reach us through the Ask a Librarian chat, email, or phone during office hours."
complain_staff,can i email the library for help,"Sure, let me connect you to a librarian. You can also reach us through the Ask a Librarian chat, email, or phone during office hours."
complain_staff,is there a phone number to call the library,"Sure, let me connect you to a librarian. You can also reach us through the Ask a Librarian chat, email, or phone during office hours."
complain_staff,i want to file a complaint with staff,"Sure, let me connect you to a librarian. You can also reach us through the Ask a Librarian chat, email, or phone during office hours."
complain_staff,how do i reach a librarian directly,"Sure, let me connect you to a librarian. You can also reach us through the Ask a Librarian chat, email, or phone during office hours."
fallback,what is the meaning of life,"Sorry, I'm not sure how to help with that. I can only assist with library-related questions like borrowing, returning, fines, room booking and more. Could you rephrase your question?"
fallback,can you recommend me some food,"Sorry, I'm not sure how to help with that. I can only assist with library-related questions like borrowing, returning, fines, room booking and more. Could you rephrase your question?"
fallback,what's the weather today,"Sorry, I'm not sure how to help with that. I can only assist with library-related questions like borrowing, returning, fines, room booking and more. Could you rephrase your question?"
fallback,can you help me with my assignment,"Sorry, I'm not sure how to help with that. I can only assist with library-related questions like borrowing, returning, fines, room booking and more. Could you rephrase your question?"
fallback,sing me a song,"Sorry, I'm not sure how to help with that. I can only assist with library-related questions like borrowing, returning, fines, room booking and more. Could you rephrase your question?"
fallback,what's your favorite color,"Sorry, I'm not sure how to help with that. I can only assist with library-related questions like borrowing, returning, fines, room booking and more. Could you rephrase your question?"
fallback,tell me a joke,"Sorry, I'm not sure how to help with that. I can only assist with library-related questions like borrowing, returning, fines, room booking and more. Could you rephrase your question?"
fallback,who is the president,"Sorry, I'm not sure how to help with that. I can only assist with library-related questions like borrowing, returning, fines, room booking and more. Could you rephrase your question?"
fallback,can you do my homework for me,"Sorry, I'm not sure how to help with that. I can only assist with library-related questions like borrowing, returning, fines, room booking and more. Could you rephrase your question?"
fallback,what's the capital of france,"Sorry, I'm not sure how to help with that. I can only assist with library-related questions like borrowing, returning, fines, room booking and more. Could you rephrase your question?"
fallback,recommend me a movie to watch,"Sorry, I'm not sure how to help with that. I can only assist with library-related questions like borrowing, returning, fines, room booking and more. Could you rephrase your question?"
fallback,translate this sentence for me,"Sorry, I'm not sure how to help with that. I can only assist with library-related questions like borrowing, returning, fines, room booking and more. Could you rephrase your question?"
greeting,hi,Hi there! Welcome to the Library Chatbot. How can I help you today?
greeting,hello,Hi there! Welcome to the Library Chatbot. How can I help you today?
greeting,hey there,Hi there! Welcome to the Library Chatbot. How can I help you today?
greeting,good morning,Hi there! Welcome to the Library Chatbot. How can I help you today?
greeting,good afternoon,Hi there! Welcome to the Library Chatbot. How can I help you today?
greeting,good evening,Hi there! Welcome to the Library Chatbot. How can I help you today?
greeting,hey chatbot,Hi there! Welcome to the Library Chatbot. How can I help you today?
greeting,hi there,Hi there! Welcome to the Library Chatbot. How can I help you today?
greeting,hello chatbot,Hi there! Welcome to the Library Chatbot. How can I help you today?
greeting,yo,Hi there! Welcome to the Library Chatbot. How can I help you today?
greeting,morning,Hi there! Welcome to the Library Chatbot. How can I help you today?
greeting,hiya,Hi there! Welcome to the Library Chatbot. How can I help you today?
goodbye,bye,Goodbye! Feel free to come back anytime you need help.
goodbye,goodbye,Goodbye! Feel free to come back anytime you need help.
goodbye,see you later,Goodbye! Feel free to come back anytime you need help.
goodbye,thanks bye,Goodbye! Feel free to come back anytime you need help.
goodbye,that's all bye,Goodbye! Feel free to come back anytime you need help.
goodbye,ok bye bye,Goodbye! Feel free to come back anytime you need help.
goodbye,i'm done thanks,Goodbye! Feel free to come back anytime you need help.
goodbye,gotta go bye,Goodbye! Feel free to come back anytime you need help.
goodbye,cya,Goodbye! Feel free to come back anytime you need help.
goodbye,that's it for now bye,Goodbye! Feel free to come back anytime you need help.
goodbye,ok thanks that's all,Goodbye! Feel free to come back anytime you need help.
goodbye,bye chatbot,Goodbye! Feel free to come back anytime you need help.
thanks,thanks,You're welcome! Happy to help.
thanks,thank you,You're welcome! Happy to help.
thanks,thank you so much,You're welcome! Happy to help.
thanks,thanks a lot,You're welcome! Happy to help.
thanks,much appreciated,You're welcome! Happy to help.
thanks,appreciate it,You're welcome! Happy to help.
thanks,thanks for the help,You're welcome! Happy to help.
thanks,great thanks,You're welcome! Happy to help.
thanks,thank you very much,You're welcome! Happy to help.
thanks,noted thanks,You're welcome! Happy to help.
thanks,thanks for that,You're welcome! Happy to help.
thanks,thank you for helping me,You're welcome! Happy to help.
affirm,yes,"Great, let's proceed!"
affirm,yeah,"Great, let's proceed!"
affirm,sure,"Great, let's proceed!"
affirm,correct,"Great, let's proceed!"
affirm,that's right,"Great, let's proceed!"
affirm,yes please,"Great, let's proceed!"
affirm,confirm,"Great, let's proceed!"
affirm,definitely,"Great, let's proceed!"
affirm,ok yes,"Great, let's proceed!"
affirm,sounds good,"Great, let's proceed!"
affirm,yup,"Great, let's proceed!"
affirm,go ahead,"Great, let's proceed!"
deny,no,"No problem, what else can I help you with?"
deny,nope,"No problem, what else can I help you with?"
deny,not that one,"No problem, what else can I help you with?"
deny,cancel that,"No problem, what else can I help you with?"
deny,no thanks,"No problem, what else can I help you with?"
deny,that's wrong,"No problem, what else can I help you with?"
deny,not really,"No problem, what else can I help you with?"
deny,no need,"No problem, what else can I help you with?"
deny,skip this,"No problem, what else can I help you with?"
deny,never mind,"No problem, what else can I help you with?"
deny,that's not it,"No problem, what else can I help you with?"
deny,no don't,"No problem, what else can I help you with?"
postgraduate_lounge,who can use the postgraduate lounge,"The Postgraduate Lounge is reserved for postgraduate students and lecturers, and requires student or staff ID card access."
postgraduate_lounge,how do i access the postgraduate lounge,"The Postgraduate Lounge is reserved for postgraduate students and lecturers, and requires student or staff ID card access."
postgraduate_lounge,where is the postgraduate lounge located,"The Postgraduate Lounge is reserved for postgraduate students and lecturers, and requires student or staff ID card access."
postgraduate_lounge,is the postgraduate lounge open to undergraduates,"The Postgraduate Lounge is reserved for postgraduate students and lecturers, and requires student or staff ID card access."
postgraduate_lounge,what do i need to enter the postgraduate lounge,"The Postgraduate Lounge is reserved for postgraduate students and lecturers, and requires student or staff ID card access."
postgraduate_lounge,can undergraduate students use the pg lounge,"The Postgraduate Lounge is reserved for postgraduate students and lecturers, and requires student or staff ID card access."
postgraduate_lounge,how do i get into the postgraduate lounge,"The Postgraduate Lounge is reserved for postgraduate students and lecturers, and requires student or staff ID card access."
postgraduate_lounge,is id card required for the postgraduate lounge,"The Postgraduate Lounge is reserved for postgraduate students and lecturers, and requires student or staff ID card access."
postgraduate_lounge,who is allowed in the postgraduate lounge,"The Postgraduate Lounge is reserved for postgraduate students and lecturers, and requires student or staff ID card access."
postgraduate_lounge,what facilities are in the postgraduate lounge,"The Postgraduate Lounge is reserved for postgraduate students and lecturers, and requires student or staff ID card access."
postgraduate_lounge,is the postgraduate lounge for lecturers too,"The Postgraduate Lounge is reserved for postgraduate students and lecturers, and requires student or staff ID card access."
postgraduate_lounge,access requirements for the postgraduate lounge,"The Postgraduate Lounge is reserved for postgraduate students and lecturers, and requires student or staff ID card access."
acc_book,acc book kat mana ah,Accounting books are located on Level 2A under DDC 657. You can borrow them there.
acc_book,I nak cari acc book,Accounting books are located on Level 2A under DDC 657. You can borrow them there.
acc_book,acc book di level mana,Accounting books are located on Level 2A under DDC 657. You can borrow them there.
acc_book,I want to borrow an acc book.,Accounting books are located on Level 2A under DDC 657. You can borrow them there.
acc_book,Where are acc books?,Accounting books are located on Level 2A under DDC 657. You can borrow them there.
acc_book,Where can I find acc books?,Accounting books are located on Level 2A under DDC 657. You can borrow them there.
acc_book,acc book level what?,Accounting books are located on Level 2A under DDC 657. You can borrow them there.
acc_book,where acc books ah?,Accounting books are located on Level 2A under DDC 657. You can borrow them there.
acc_book,Where is the acc section?,Accounting books are located on Level 2A under DDC 657. You can borrow them there.
acc_book,Which level has the acc books?,Accounting books are located on Level 2A under DDC 657. You can borrow them there.
acc_book,What floor are the acc books on?,Accounting books are located on Level 2A under DDC 657. You can borrow them there.
acc_book,Where can I get an acc book?,Accounting books are located on Level 2A under DDC 657. You can borrow them there.
acc_book,Which part of the library has acc books?,Accounting books are located on Level 2A under DDC 657. You can borrow them there.
accounting_book,accounting book kat mana ah,Accounting books are located on Level 2A under DDC 657. You can borrow them there.
accounting_book,I nak cari accounting book,Accounting books are located on Level 2A under DDC 657. You can borrow them there.
accounting_book,accounting book di level mana,Accounting books are located on Level 2A under DDC 657. You can borrow them there.
accounting_book,I want to borrow an accounting book.,Accounting books are located on Level 2A under DDC 657. You can borrow them there.
accounting_book,Where are accounting books?,Accounting books are located on Level 2A under DDC 657. You can borrow them there.
accounting_book,Where can I find accounting books?,Accounting books are located on Level 2A under DDC 657. You can borrow them there.
accounting_book,accounting book level what?,Accounting books are located on Level 2A under DDC 657. You can borrow them there.
accounting_book,where accounting books ah?,Accounting books are located on Level 2A under DDC 657. You can borrow them there.
accounting_book,Where is the accounting section?,Accounting books are located on Level 2A under DDC 657. You can borrow them there.
accounting_book,Which level has the accounting books?,Accounting books are located on Level 2A under DDC 657. You can borrow them there.
accounting_book,What floor are the accounting books on?,Accounting books are located on Level 2A under DDC 657. You can borrow them there.
accounting_book,Where can I get an accounting book?,Accounting books are located on Level 2A under DDC 657. You can borrow them there.
accounting_book,Which part of the library has accounting books?,Accounting books are located on Level 2A under DDC 657. You can borrow them there.
ads_book,ads book kat mana ah,Advertising books are located on Level 2A under DDC 659.1. You can borrow them there.
ads_book,I nak cari ads book,Advertising books are located on Level 2A under DDC 659.1. You can borrow them there.
ads_book,ads book di level mana,Advertising books are located on Level 2A under DDC 659.1. You can borrow them there.
ads_book,I want to borrow ads book.,Advertising books are located on Level 2A under DDC 659.1. You can borrow them there.
ads_book,Where are ads books?,Advertising books are located on Level 2A under DDC 659.1. You can borrow them there.
ads_book,Where can I find ad books?,Advertising books are located on Level 2A under DDC 659.1. You can borrow them there.
ads_book,ads book level what?,Advertising books are located on Level 2A under DDC 659.1. You can borrow them there.
ads_book,where ads books ah?,Advertising books are located on Level 2A under DDC 659.1. You can borrow them there.
ads_book,Where is the ads section?,Advertising books are located on Level 2A under DDC 659.1. You can borrow them there.
ads_book,Which level has the ads books?,Advertising books are located on Level 2A under DDC 659.1. You can borrow them there.
ads_book,What floor are the ads books on?,Advertising books are located on Level 2A under DDC 659.1. You can borrow them there.
ads_book,Where can I get an ads book?,Advertising books are located on Level 2A under DDC 659.1. You can borrow them there.
ads_book,Which part of the library has ads books?,Advertising books are located on Level 2A under DDC 659.1. You can borrow them there.
advertising_book,advertising book kat mana ah,Advertising books are located on Level 2A under DDC 659.1. You can borrow them there.
advertising_book,I nak cari advertising book,Advertising books are located on Level 2A under DDC 659.1. You can borrow them there.
advertising_book,advertising book di level mana,Advertising books are located on Level 2A under DDC 659.1. You can borrow them there.
advertising_book,I want to borrow advertising book.,Advertising books are located on Level 2A under DDC 659.1. You can borrow them there.
advertising_book,Where are advertising books?,Advertising books are located on Level 2A under DDC 659.1. You can borrow them there.
advertising_book,Where can I find advertising books?,Advertising books are located on Level 2A under DDC 659.1. You can borrow them there.
advertising_book,advertising book level what?,Advertising books are located on Level 2A under DDC 659.1. You can borrow them there.
advertising_book,where advertising books ah?,Advertising books are located on Level 2A under DDC 659.1. You can borrow them there.
advertising_book,Where is the advertising section?,Advertising books are located on Level 2A under DDC 659.1. You can borrow them there.
advertising_book,Which level has the advertising books?,Advertising books are located on Level 2A under DDC 659.1. You can borrow them there.
advertising_book,What floor are the advertising books on?,Advertising books are located on Level 2A under DDC 659.1. You can borrow them there.
advertising_book,Where can I get an advertising book?,Advertising books are located on Level 2A under DDC 659.1. You can borrow them there.
advertising_book,Which part of the library has advertising books?,Advertising books are located on Level 2A under DDC 659.1. You can borrow them there.
algebra_book,algebra book kat mana ah,Algebra books are located on Level 1 under DDC 512. You can borrow them there.
algebra_book,I nak cari algebra book,Algebra books are located on Level 1 under DDC 512. You can borrow them there.
algebra_book,algebra book di level mana,Algebra books are located on Level 1 under DDC 512. You can borrow them there.
algebra_book,I want to borrow algebra book.,Algebra books are located on Level 1 under DDC 512. You can borrow them there.
algebra_book,Where are algebra books?,Algebra books are located on Level 1 under DDC 512. You can borrow them there.
algebra_book,Where can I find algebra books?,Algebra books are located on Level 1 under DDC 512. You can borrow them there.
algebra_book,algebra book level what?,Algebra books are located on Level 1 under DDC 512. You can borrow them there.
algebra_book,where algebra books ah?,Algebra books are located on Level 1 under DDC 512. You can borrow them there.
algebra_book,Where is the algebra section?,Algebra books are located on Level 1 under DDC 512. You can borrow them there.
algebra_book,Which level has the algebra books?,Algebra books are located on Level 1 under DDC 512. You can borrow them there.
algebra_book,What floor are the algebra books on?,Algebra books are located on Level 1 under DDC 512. You can borrow them there.
algebra_book,Where can I get an algebra book?,Algebra books are located on Level 1 under DDC 512. You can borrow them there.
algebra_book,Which part of the library has algebra books?,Algebra books are located on Level 1 under DDC 512. You can borrow them there.
archi_book,archi book kat mana ah,Architecture books are located on Level 2A under DDC 720. You can borrow them there.
archi_book,I nak cari archi book,Architecture books are located on Level 2A under DDC 720. You can borrow them there.
archi_book,archi book di level mana,Architecture books are located on Level 2A under DDC 720. You can borrow them there.
archi_book,I want to borrow archi book.,Architecture books are located on Level 2A under DDC 720. You can borrow them there.
archi_book,Where are archi books?,Architecture books are located on Level 2A under DDC 720. You can borrow them there.
archi_book,Where can I find archi books?,Architecture books are located on Level 2A under DDC 720. You can borrow them there.
archi_book,archi book level what?,Architecture books are located on Level 2A under DDC 720. You can borrow them there.
archi_book,where archi books ah?,Architecture books are located on Level 2A under DDC 720. You can borrow them there.
archi_book,Where is the archi section?,Architecture books are located on Level 2A under DDC 720. You can borrow them there.
archi_book,Which level has the archi books?,Architecture books are located on Level 2A under DDC 720. You can borrow them there.
archi_book,What floor are the archi books on?,Architecture books are located on Level 2A under DDC 720. You can borrow them there.
archi_book,Where can I get an archi book?,Architecture books are located on Level 2A under DDC 720. You can borrow them there.
archi_book,Which part of the library has archi books?,Architecture books are located on Level 2A under DDC 720. You can borrow them there.
architecture_book,architecture book kat mana ah,Architecture books are located on Level 2A under DDC 720. You can borrow them there.
architecture_book,I nak cari architecture book,Architecture books are located on Level 2A under DDC 720. You can borrow them there.
architecture_book,architecture book di level mana,Architecture books are located on Level 2A under DDC 720. You can borrow them there.
architecture_book,I want to borrow architecture book.,Architecture books are located on Level 2A under DDC 720. You can borrow them there.
architecture_book,Where are architecture books?,Architecture books are located on Level 2A under DDC 720. You can borrow them there.
architecture_book,Where can I find architecture books?,Architecture books are located on Level 2A under DDC 720. You can borrow them there.
architecture_book,architecture book level what?,Architecture books are located on Level 2A under DDC 720. You can borrow them there.
architecture_book,where architecture books ah?,Architecture books are located on Level 2A under DDC 720. You can borrow them there.
architecture_book,Where is the architecture section?,Architecture books are located on Level 2A under DDC 720. You can borrow them there.
architecture_book,Which level has the architecture books?,Architecture books are located on Level 2A under DDC 720. You can borrow them there.
architecture_book,What floor are the architecture books on?,Architecture books are located on Level 2A under DDC 720. You can borrow them there.
architecture_book,Where can I get an architecture book?,Architecture books are located on Level 2A under DDC 720. You can borrow them there.
architecture_book,Which part of the library has architecture books?,Architecture books are located on Level 2A under DDC 720. You can borrow them there.
banks_book,banks book kat mana ah,Banks books are located on Level 1A under DDC 332.1. You can borrow them there.
banks_book,I nak cari banks book,Banks books are located on Level 1A under DDC 332.1. You can borrow them there.
banks_book,banks book di level mana,Banks books are located on Level 1A under DDC 332.1. You can borrow them there.
banks_book,I want to borrow banks book.,Banks books are located on Level 1A under DDC 332.1. You can borrow them there.
banks_book,Where are banks books?,Banks books are located on Level 1A under DDC 332.1. You can borrow them there.
banks_book,Where can I find banks books?,Banks books are located on Level 1A under DDC 332.1. You can borrow them there.
banks_book,banks book level what?,Banks books are located on Level 1A under DDC 332.1. You can borrow them there.
banks_book,where banks books ah?,Banks books are located on Level 1A under DDC 332.1. You can borrow them there.
banks_book,Where is the banks section?,Banks books are located on Level 1A under DDC 332.1. You can borrow them there.
banks_book,Which level has the banks books?,Banks books are located on Level 1A under DDC 332.1. You can borrow them there.
banks_book,What floor are the banks books on?,Banks books are located on Level 1A under DDC 332.1. You can borrow them there.
banks_book,Where can I get a banks book?,Banks books are located on Level 1A under DDC 332.1. You can borrow them there.
banks_book,Which part of the library has banks books?,Banks books are located on Level 1A under DDC 332.1. You can borrow them there.
bio_book,bio book kat mana ah,Biology books are located on Level 1 under DDC 570. You can borrow them there.
bio_book,I nak cari bio book,Biology books are located on Level 1 under DDC 570. You can borrow them there.
bio_book,bio book di level mana,Biology books are located on Level 1 under DDC 570. You can borrow them there.
bio_book,I want to borrow bio book.,Biology books are located on Level 1 under DDC 570. You can borrow them there.
bio_book,Where are bio books?,Biology books are located on Level 1 under DDC 570. You can borrow them there.
bio_book,Where can I find bio books?,Biology books are located on Level 1 under DDC 570. You can borrow them there.
bio_book,bio book level what?,Biology books are located on Level 1 under DDC 570. You can borrow them there.
bio_book,where bio books ah?,Biology books are located on Level 1 under DDC 570. You can borrow them there.
bio_book,Where is the bio section?,Biology books are located on Level 1 under DDC 570. You can borrow them there.
bio_book,Which level has the bio books?,Biology books are located on Level 1 under DDC 570. You can borrow them there.
bio_book,What floor are the bio books on?,Biology books are located on Level 1 under DDC 570. You can borrow them there.
bio_book,Where can I get a bio book?,Biology books are located on Level 1 under DDC 570. You can borrow them there.
bio_book,Which part of the library has bio books?,Biology books are located on Level 1 under DDC 570. You can borrow them there.
biology_book,biology book kat mana ah,Biology books are located on Level 1 under DDC 570. You can borrow them there.
biology_book,I nak cari biology book,Biology books are located on Level 1 under DDC 570. You can borrow them there.
biology_book,biology book di level mana,Biology books are located on Level 1 under DDC 570. You can borrow them there.
biology_book,I want to borrow biology book.,Biology books are located on Level 1 under DDC 570. You can borrow them there.
biology_book,Where are biology books?,Biology books are located on Level 1 under DDC 570. You can borrow them there.
biology_book,Where can I find biology books?,Biology books are located on Level 1 under DDC 570. You can borrow them there.
biology_book,biology book level what?,Biology books are located on Level 1 under DDC 570. You can borrow them there.
biology_book,where biology books ah?,Biology books are located on Level 1 under DDC 570. You can borrow them there.
biology_book,Where is the biology section?,Biology books are located on Level 1 under DDC 570. You can borrow them there.
biology_book,Which level has the biology books?,Biology books are located on Level 1 under DDC 570. You can borrow them there.
biology_book,What floor are the biology books on?,Biology books are located on Level 1 under DDC 570. You can borrow them there.
biology_book,Where can I get a biology book?,Biology books are located on Level 1 under DDC 570. You can borrow them there.
biology_book,Which part of the library has biology books?,Biology books are located on Level 1 under DDC 570. You can borrow them there.
broadcasting_book,broadcasting book kat mana ah,Broadcasting books are located on Level 1A under DDC 70.19. You can borrow them there.
broadcasting_book,I nak cari broadcasting book,Broadcasting books are located on Level 1A under DDC 70.19. You can borrow them there.
broadcasting_book,broadcasting book di level mana,Broadcasting books are located on Level 1A under DDC 70.19. You can borrow them there.
broadcasting_book,I want to borrow broadcasting book.,Broadcasting books are located on Level 1A under DDC 70.19. You can borrow them there.
broadcasting_book,Where are broadcasting books?,Broadcasting books are located on Level 1A under DDC 70.19. You can borrow them there.
broadcasting_book,Where can I find broadcasting books?,Broadcasting books are located on Level 1A under DDC 70.19. You can borrow them there.
broadcasting_book,broadcasting book level what?,Broadcasting books are located on Level 1A under DDC 70.19. You can borrow them there.
broadcasting_book,where broadcasting books ah?,Broadcasting books are located on Level 1A under DDC 70.19. You can borrow them there.
broadcasting_book,Where is the broadcasting section?,Broadcasting books are located on Level 1A under DDC 70.19. You can borrow them there.
broadcasting_book,Which level has the broadcasting books?,Broadcasting books are located on Level 1A under DDC 70.19. You can borrow them there.
broadcasting_book,What floor are the broadcasting books on?,Broadcasting books are located on Level 1A under DDC 70.19. You can borrow them there.
broadcasting_book,Where can I get a broadcasting book?,Broadcasting books are located on Level 1A under DDC 70.19. You can borrow them there.
broadcasting_book,Which part of the library has broadcasting books?,Broadcasting books are located on Level 1A under DDC 70.19. You can borrow them there.
building_book,building book kat mana ah,Building books are located on Level 2A under DDC 690. You can borrow them there.
building_book,I nak cari building book,Building books are located on Level 2A under DDC 690. You can borrow them there.
building_book,building book di level mana,Building books are located on Level 2A under DDC 690. You can borrow them there.
building_book,I want to borrow building book.,Building books are located on Level 2A under DDC 690. You can borrow them there.
building_book,Where are building books?,Building books are located on Level 2A under DDC 690. You can borrow them there.
building_book,Where can I find building books?,Building books are located on Level 2A under DDC 690. You can borrow them there.
building_book,building book level what?,Building books are located on Level 2A under DDC 690. You can borrow them there.
building_book,where building books ah?,Building books are located on Level 2A under DDC 690. You can borrow them there.
building_book,Where is the building section?,Building books are located on Level 2A under DDC 690. You can borrow them there.
building_book,Which level has the building books?,Building books are located on Level 2A under DDC 690. You can borrow them there.
building_book,What floor are the building books on?,Building books are located on Level 2A under DDC 690. You can borrow them there.
building_book,Where can I get a building book?,Building books are located on Level 2A under DDC 690. You can borrow them there.
building_book,Which part of the library has building books?,Building books are located on Level 2A under DDC 690. You can borrow them there.
biz_book,biz book kat mana ah,Business books are located on Level 2A under DDC 650. You can borrow them there.
biz_book,I nak cari biz book,Business books are located on Level 2A under DDC 650. You can borrow them there.
biz_book,biz book di level mana,Business books are located on Level 2A under DDC 650. You can borrow them there.
biz_book,I want to borrow biz book.,Business books are located on Level 2A under DDC 650. You can borrow them there.
biz_book,Where are biz books?,Business books are located on Level 2A under DDC 650. You can borrow them there.
biz_book,Where can I find biz books?,Business books are located on Level 2A under DDC 650. You can borrow them there.
biz_book,biz book level what?,Business books are located on Level 2A under DDC 650. You can borrow them there.
biz_book,where biz books ah?,Business books are located on Level 2A under DDC 650. You can borrow them there.
biz_book,Where is the biz section?,Business books are located on Level 2A under DDC 650. You can borrow them there.
biz_book,Which level has the biz books?,Business books are located on Level 2A under DDC 650. You can borrow them there.
biz_book,What floor are the biz books on?,Business books are located on Level 2A under DDC 650. You can borrow them there.
biz_book,Where can I get a biz book?,Business books are located on Level 2A under DDC 650. You can borrow them there.
biz_book,Which part of the library has biz books?,Business books are located on Level 2A under DDC 650. You can borrow them there.
business_book,business book kat mana ah,Business books are located on Level 2A under DDC 650. You can borrow them there.
business_book,I nak cari business book,Business books are located on Level 2A under DDC 650. You can borrow them there.
business_book,business book di level mana,Business books are located on Level 2A under DDC 650. You can borrow them there.
business_book,I want to borrow business book.,Business books are located on Level 2A under DDC 650. You can borrow them there.
business_book,Where are business books?,Business books are located on Level 2A under DDC 650. You can borrow them there.
business_book,Where can I find business books?,Business books are located on Level 2A under DDC 650. You can borrow them there.
business_book,business book level what?,Business books are located on Level 2A under DDC 650. You can borrow them there.
business_book,where business books ah?,Business books are located on Level 2A under DDC 650. You can borrow them there.
business_book,Where is the business section?,Business books are located on Level 2A under DDC 650. You can borrow them there.
business_book,Which level has the business books?,Business books are located on Level 2A under DDC 650. You can borrow them there.
business_book,What floor are the business books on?,Business books are located on Level 2A under DDC 650. You can borrow them there.
business_book,Where can I get a business book?,Business books are located on Level 2A under DDC 650. You can borrow them there.
business_book,Which part of the library has business books?,Business books are located on Level 2A under DDC 650. You can borrow them there.
calculus_book,calculus book kat mana ah,Calculus books are located on Level 1 under DDC 515. You can borrow them there.
calculus_book,I nak cari calculus book,Calculus books are located on Level 1 under DDC 515. You can borrow them there.
calculus_book,calculus book di level mana,Calculus books are located on Level 1 under DDC 515. You can borrow them there.
calculus_book,I want to borrow calculus book.,Calculus books are located on Level 1 under DDC 515. You can borrow them there.
calculus_book,Where are calculus books?,Calculus books are located on Level 1 under DDC 515. You can borrow them there.
calculus_book,Where can I find calculus books?,Calculus books are located on Level 1 under DDC 515. You can borrow them there.
calculus_book,calculus book level what?,Calculus books are located on Level 1 under DDC 515. You can borrow them there.
calculus_book,where calculus books ah?,Calculus books are located on Level 1 under DDC 515. You can borrow them there.
calculus_book,Where is the calculus section?,Calculus books are located on Level 1 under DDC 515. You can borrow them there.
calculus_book,Which level has the calculus books?,Calculus books are located on Level 1 under DDC 515. You can borrow them there.
calculus_book,What floor are the calculus books on?,Calculus books are located on Level 1 under DDC 515. You can borrow them there.
calculus_book,Where can I get a calculus book?,Calculus books are located on Level 1 under DDC 515. You can borrow them there.
calculus_book,Which part of the library has calculus books?,Calculus books are located on Level 1 under DDC 515. You can borrow them there.
catering_book,catering book kat mana ah,Catering books are located on Level 2A under DDC 642.4. You can borrow them there.
catering_book,I nak cari catering book,Catering books are located on Level 2A under DDC 642.4. You can borrow them there.
catering_book,catering book di level mana,Catering books are located on Level 2A under DDC 642.4. You can borrow them there.
catering_book,I want to borrow catering book.,Catering books are located on Level 2A under DDC 642.4. You can borrow them there.
catering_book,Where are catering books?,Catering books are located on Level 2A under DDC 642.4. You can borrow them there.
catering_book,Where can I find catering books?,Catering books are located on Level 2A under DDC 642.4. You can borrow them there.
catering_book,catering book level what?,Catering books are located on Level 2A under DDC 642.4. You can borrow them there.
catering_book,where catering books ah?,Catering books are located on Level 2A under DDC 642.4. You can borrow them there.
catering_book,Where is the catering section?,Catering books are located on Level 2A under DDC 642.4. You can borrow them there.
catering_book,Which level has the catering books?,Catering books are located on Level 2A under DDC 642.4. You can borrow them there.
catering_book,What floor are the catering books on?,Catering books are located on Level 2A under DDC 642.4. You can borrow them there.
catering_book,Where can I get a catering book?,Catering books are located on Level 2A under DDC 642.4. You can borrow them there.
catering_book,Which part of the library has catering books?,Catering books are located on Level 2A under DDC 642.4. You can borrow them there.
chemi_book,chemi book kat mana ah,Chemistry books are located on Level 1 under DDC 540. You can borrow them there.
chemi_book,I nak cari chemi book,Chemistry books are located on Level 1 under DDC 540. You can borrow them there.
chemi_book,chemi book di level mana,Chemistry books are located on Level 1 under DDC 540. You can borrow them there.
chemi_book,I want to borrow chemi book.,Chemistry books are located on Level 1 under DDC 540. You can borrow them there.
chemi_book,Where are chemi books?,Chemistry books are located on Level 1 under DDC 540. You can borrow them there.
chemi_book,Where can I find chem books?,Chemistry books are located on Level 1 under DDC 540. You can borrow them there.
chemi_book,chemi book level what?,Chemistry books are located on Level 1 under DDC 540. You can borrow them there.
chemi_book,where chemi books ah?,Chemistry books are located on Level 1 under DDC 540. You can borrow them there.
chemi_book,Where is the chemi section?,Chemistry books are located on Level 1 under DDC 540. You can borrow them there.
chemi_book,Which level has the chemi books?,Chemistry books are located on Level 1 under DDC 540. You can borrow them there.
chemi_book,What floor are the chemi books on?,Chemistry books are located on Level 1 under DDC 540. You can borrow them there.
chemi_book,Where can I get a chemi book?,Chemistry books are located on Level 1 under DDC 540. You can borrow them there.
chemi_book,Which part of the library has chemi books?,Chemistry books are located on Level 1 under DDC 540. You can borrow them there.
chemistry_book,chemistry book kat mana ah,Chemistry books are located on Level 1 under DDC 540. You can borrow them there.
chemistry_book,I nak cari chemistry book,Chemistry books are located on Level 1 under DDC 540. You can borrow them there.
chemistry_book,chemistry book di level mana,Chemistry books are located on Level 1 under DDC 540. You can borrow them there.
chemistry_book,I want to borrow chemistry book.,Chemistry books are located on Level 1 under DDC 540. You can borrow them there.
chemistry_book,Where are chemistry books?,Chemistry books are located on Level 1 under DDC 540. You can borrow them there.
chemistry_book,Where can I find chemistry books?,Chemistry books are located on Level 1 under DDC 540. You can borrow them there.
chemistry_book,chemistry book level what?,Chemistry books are located on Level 1 under DDC 540. You can borrow them there.
chemistry_book,where chemistry books ah?,Chemistry books are located on Level 1 under DDC 540. You can borrow them there.
chemistry_book,Where is the chemistry section?,Chemistry books are located on Level 1 under DDC 540. You can borrow them there.
chemistry_book,Which level has the chemistry books?,Chemistry books are located on Level 1 under DDC 540. You can borrow them there.
chemistry_book,What floor are the chemistry books on?,Chemistry books are located on Level 1 under DDC 540. You can borrow them there.
chemistry_book,Where can I get a chemistry book?,Chemistry books are located on Level 1 under DDC 540. You can borrow them there.
chemistry_book,Which part of the library has chemistry books?,Chemistry books are located on Level 1 under DDC 540. You can borrow them there.
coding_book,coding book kat mana ah,Computer programming books are located on Level 1A under DDC 5. You can borrow them there.
coding_book,I nak cari coding book,Computer programming books are located on Level 1A under DDC 5. You can borrow them there.
coding_book,coding book di level mana,Computer programming books are located on Level 1A under DDC 5. You can borrow them there.
coding_book,I want to borrow coding book.,Computer programming books are located on Level 1A under DDC 5. You can borrow them there.
coding_book,Where are coding books?,Computer programming books are located on Level 1A under DDC 5. You can borrow them there.
coding_book,Where can I find programming books?,Computer programming books are located on Level 1A under DDC 5. You can borrow them there.
coding_book,coding book level what?,Computer programming books are located on Level 1A under DDC 5. You can borrow them there.
coding_book,where coding books ah?,Computer programming books are located on Level 1A under DDC 5. You can borrow them there.
coding_book,Where is the coding section?,Computer programming books are located on Level 1A under DDC 5. You can borrow them there.
coding_book,Which level has the coding books?,Computer programming books are located on Level 1A under DDC 5. You can borrow them there.
coding_book,What floor are the coding books on?,Computer programming books are located on Level 1A under DDC 5. You can borrow them there.
coding_book,Where can I get a coding book?,Computer programming books are located on Level 1A under DDC 5. You can borrow them there.
coding_book,Which part of the library has coding books?,Computer programming books are located on Level 1A under DDC 5. You can borrow them there.
programming_book,programming book kat mana ah,Computer programming books are located on Level 1A under DDC 5. You can borrow them there.
programming_book,I nak cari programming book,Computer programming books are located on Level 1A under DDC 5. You can borrow them there.
programming_book,programming book di level mana,Computer programming books are located on Level 1A under DDC 5. You can borrow them there.
programming_book,I want to borrow programming book.,Computer programming books are located on Level 1A under DDC 5. You can borrow them there.
programming_book,Where are programming books?,Computer programming books are located on Level 1A under DDC 5. You can borrow them there.
programming_book,Where can I find programming books?,Computer programming books are located on Level 1A under DDC 5. You can borrow them there.
programming_book,programming book level what?,Computer programming books are located on Level 1A under DDC 5. You can borrow them there.
programming_book,where programming books ah?,Computer programming books are located on Level 1A under DDC 5. You can borrow them there.
programming_book,Where is the programming section?,Computer programming books are located on Level 1A under DDC 5. You can borrow them there.
programming_book,Which level has the programming books?,Computer programming books are located on Level 1A under DDC 5. You can borrow them there.
programming_book,What floor are the programming books on?,Computer programming books are located on Level 1A under DDC 5. You can borrow them there.
programming_book,Where can I get a programming book?,Computer programming books are located on Level 1A under DDC 5. You can borrow them there.
programming_book,Which part of the library has programming books?,Computer programming books are located on Level 1A under DDC 5. You can borrow them there.
computer_programming_book,computer programming book kat mana ah,Computer programming books are located on Level 1A under DDC 5. You can borrow them there.
computer_programming_book,I nak cari computer programming book,Computer programming books are located on Level 1A under DDC 5. You can borrow them there.
computer_programming_book,computer programming book di level mana,Computer programming books are located on Level 1A under DDC 5. You can borrow them there.
computer_programming_book,I want to borrow computer programming book.,Computer programming books are located on Level 1A under DDC 5. You can borrow them there.
computer_programming_book,Where are computer programming books?,Computer programming books are located on Level 1A under DDC 5. You can borrow them there.
computer_programming_book,Where can I find computer programming books?,Computer programming books are located on Level 1A under DDC 5. You can borrow them there.
computer_programming_book,computer programming book level what?,Computer programming books are located on Level 1A under DDC 5. You can borrow them there.
computer_programming_book,where computer programming books ah?,Computer programming books are located on Level 1A under DDC 5. You can borrow them there.
computer_programming_book,Where is the computer programming section?,Computer programming books are located on Level 1A under DDC 5. You can borrow them there.
computer_programming_book,Which level has the computer programming books?,Computer programming books are located on Level 1A under DDC 5. You can borrow them there.
computer_programming_book,What floor are the computer programming books on?,Computer programming books are located on Level 1A under DDC 5. You can borrow them there.
computer_programming_book,Where can I get a computer programming book?,Computer programming books are located on Level 1A under DDC 5. You can borrow them there.
computer_programming_book,Which part of the library has computer programming books?,Computer programming books are located on Level 1A under DDC 5. You can borrow them there.
cs_book,cs book kat mana ah,Computer science books are located on Level 1A under DDC 4. You can borrow them there.
cs_book,I nak cari cs book,Computer science books are located on Level 1A under DDC 4. You can borrow them there.
cs_book,cs book di level mana,Computer science books are located on Level 1A under DDC 4. You can borrow them there.
cs_book,I want to borrow cs book.,Computer science books are located on Level 1A under DDC 4. You can borrow them there.
cs_book,Where are cs books?,Computer science books are located on Level 1A under DDC 4. You can borrow them there.
cs_book,Where can I find cs books?,Computer science books are located on Level 1A under DDC 4. You can borrow them there.
cs_book,cs book level what?,Computer science books are located on Level 1A under DDC 4. You can borrow them there.
cs_book,where cs books ah?,Computer science books are located on Level 1A under DDC 4. You can borrow them there.
cs_book,Where is the cs section?,Computer science books are located on Level 1A under DDC 4. You can borrow them there.
cs_book,Which level has the cs books?,Computer science books are located on Level 1A under DDC 4. You can borrow them there.
cs_book,What floor are the cs books on?,Computer science books are located on Level 1A under DDC 4. You can borrow them there.
cs_book,Where can I get a cs book?,Computer science books are located on Level 1A under DDC 4. You can borrow them there.
cs_book,Which part of the library has cs books?,Computer science books are located on Level 1A under DDC 4. You can borrow them there.
computer_science_book,computer science book kat mana ah,Computer science books are located on Level 1A under DDC 4. You can borrow them there.
computer_science_book,I nak cari computer science book,Computer science books are located on Level 1A under DDC 4. You can borrow them there.
computer_science_book,computer science book di level mana,Computer science books are located on Level 1A under DDC 4. You can borrow them there.
computer_science_book,I want to borrow computer science book.,Computer science books are located on Level 1A under DDC 4. You can borrow them there.
computer_science_book,Where are computer science books?,Computer science books are located on Level 1A under DDC 4. You can borrow them there.
computer_science_book,Where can I find computer science books?,Computer science books are located on Level 1A under DDC 4. You can borrow them there.
computer_science_book,computer science book level what?,Computer science books are located on Level 1A under DDC 4. You can borrow them there.
computer_science_book,where computer science books ah?,Computer science books are located on Level 1A under DDC 4. You can borrow them there.
computer_science_book,Where is the computer science section?,Computer science books are located on Level 1A under DDC 4. You can borrow them there.
computer_science_book,Which level has the computer science books?,Computer science books are located on Level 1A under DDC 4. You can borrow them there.
computer_science_book,What floor are the computer science books on?,Computer science books are located on Level 1A under DDC 4. You can borrow them there.
computer_science_book,Where can I get a computer science book?,Computer science books are located on Level 1A under DDC 4. You can borrow them there.
computer_science_book,Which part of the library has computer science books?,Computer science books are located on Level 1A under DDC 4. You can borrow them there.
computer_systems_book,computer systems book kat mana ah,Computer systems books are located on Level 1A under DDC 3. You can borrow them there.
computer_systems_book,I nak cari computer systems book,Computer systems books are located on Level 1A under DDC 3. You can borrow them there.
computer_systems_book,computer systems book di level mana,Computer systems books are located on Level 1A under DDC 3. You can borrow them there.
computer_systems_book,I want to borrow computer systems book.,Computer systems books are located on Level 1A under DDC 3. You can borrow them there.
computer_systems_book,Where are computer systems books?,Computer systems books are located on Level 1A under DDC 3. You can borrow them there.
computer_systems_book,Where can I find computer system books?,Computer systems books are located on Level 1A under DDC 3. You can borrow them there.
computer_systems_book,computer systems book level what?,Computer systems books are located on Level 1A under DDC 3. You can borrow them there.
computer_systems_book,where computer systems books ah?,Computer systems books are located on Level 1A under DDC 3. You can borrow them there.
computer_systems_book,Where is the computer systems section?,Computer systems books are located on Level 1A under DDC 3. You can borrow them there.
computer_systems_book,Which level has the computer systems books?,Computer systems books are located on Level 1A under DDC 3. You can borrow them there.
computer_systems_book,What floor are the computer systems books on?,Computer systems books are located on Level 1A under DDC 3. You can borrow them there.
computer_systems_book,Where can I get a computer systems book?,Computer systems books are located on Level 1A under DDC 3. You can borrow them there.
computer_systems_book,Which part of the library has computer systems books?,Computer systems books are located on Level 1A under DDC 3. You can borrow them there.
counselling_book,counseling book kat mana ah,Counselling books are located on Level 1A under DDC 158.3. You can borrow them there.
counselling_book,I nak cari counseling book,Counselling books are located on Level 1A under DDC 158.3. You can borrow them there.
counselling_book,counseling book di level mana,Counselling books are located on Level 1A under DDC 158.3. You can borrow them there.
counselling_book,I want to borrow counseling book.,Counselling books are located on Level 1A under DDC 158.3. You can borrow them there.
counselling_book,Where are counseling books?,Counselling books are located on Level 1A under DDC 158.3. You can borrow them there.
counselling_book,Where can I find counseling books?,Counselling books are located on Level 1A under DDC 158.3. You can borrow them there.
counselling_book,counseling book level what?,Counselling books are located on Level 1A under DDC 158.3. You can borrow them there.
counselling_book,where counseling books ah?,Counselling books are located on Level 1A under DDC 158.3. You can borrow them there.
counselling_book,Where is the counseling section?,Counselling books are located on Level 1A under DDC 158.3. You can borrow them there.
counselling_book,Which level has the counseling books?,Counselling books are located on Level 1A under DDC 158.3. You can borrow them there.
counselling_book,What floor are the counseling books on?,Counselling books are located on Level 1A under DDC 158.3. You can borrow them there.
counselling_book,Where can I get a counseling book?,Counselling books are located on Level 1A under DDC 158.3. You can borrow them there.
counselling_book,Which part of the library has counseling books?,Counselling books are located on Level 1A under DDC 158.3. You can borrow them there.
economics_book,economics book kat mana ah,Economics books are located on Level 1A under DDC 330. You can borrow them there.
economics_book,I nak cari economics book,Economics books are located on Level 1A under DDC 330. You can borrow them there.
economics_book,economics book di level mana,Economics books are located on Level 1A under DDC 330. You can borrow them there.
economics_book,I want to borrow economics book.,Economics books are located on Level 1A under DDC 330. You can borrow them there.
economics_book,Where are economics books?,Economics books are located on Level 1A under DDC 330. You can borrow them there.
economics_book,Where can I find economics books?,Economics books are located on Level 1A under DDC 330. You can borrow them there.
economics_book,economics book level what?,Economics books are located on Level 1A under DDC 330. You can borrow them there.
economics_book,where economics books ah?,Economics books are located on Level 1A under DDC 330. You can borrow them there.
economics_book,Where is the economics section?,Economics books are located on Level 1A under DDC 330. You can borrow them there.
economics_book,Which level has the economics books?,Economics books are located on Level 1A under DDC 330. You can borrow them there.
economics_book,What floor are the economics books on?,Economics books are located on Level 1A under DDC 330. You can borrow them there.
economics_book,Where can I get an economics book?,Economics books are located on Level 1A under DDC 330. You can borrow them there.
economics_book,Which part of the library has economics books?,Economics books are located on Level 1A under DDC 330. You can borrow them there.
electrical_engineering_book,electrical engineering book kat mana ah,Electrical engineering books are located on Level 1 under DDC 621.3. You can borrow them there.
electrical_engineering_book,I nak cari electrical engineering book,Electrical engineering books are located on Level 1 under DDC 621.3. You can borrow them there.
electrical_engineering_book,electrical engineering book di level mana,Electrical engineering books are located on Level 1 under DDC 621.3. You can borrow them there.
electrical_engineering_book,I want to borrow electrical engineering book.,Electrical engineering books are located on Level 1 under DDC 621.3. You can borrow them there.
electrical_engineering_book,Where are electrical engineering books?,Electrical engineering books are located on Level 1 under DDC 621.3. You can borrow them there.
electrical_engineering_book,Where can I find electrical engineering books?,Electrical engineering books are located on Level 1 under DDC 621.3. You can borrow them there.
electrical_engineering_book,electrical engineering book level what?,Electrical engineering books are located on Level 1 under DDC 621.3. You can borrow them there.
electrical_engineering_book,where electrical engineering books ah?,Electrical engineering books are located on Level 1 under DDC 621.3. You can borrow them there.
electrical_engineering_book,Where is the electrical engineering section?,Electrical engineering books are located on Level 1 under DDC 621.3. You can borrow them there.
electrical_engineering_book,Which level has the electrical engineering books?,Electrical engineering books are located on Level 1 under DDC 621.3. You can borrow them there.
electrical_engineering_book,What floor are the electrical engineering books on?,Electrical engineering books are located on Level 1 under DDC 621.3. You can borrow them there.
electrical_engineering_book,Where can I get an electrical engineering book?,Electrical engineering books are located on Level 1 under DDC 621.3. You can borrow them there.
electrical_engineering_book,Which part of the library has electrical engineering books?,Electrical engineering books are located on Level 1 under DDC 621.3. You can borrow them there.
electronics_engineering_book,electronics engineering book kat mana ah,Electronics engineering books are located on Level 1 under DDC 621.381. You can borrow them there.
electronics_engineering_book,I nak cari electronics engineering book,Electronics engineering books are located on Level 1 under DDC 621.381. You can borrow them there.
electronics_engineering_book,electronics engineering book di level mana,Electronics engineering books are located on Level 1 under DDC 621.381. You can borrow them there.
electronics_engineering_book,I want to borrow electronics engineering book.,Electronics engineering books are located on Level 1 under DDC 621.381. You can borrow them there.
electronics_engineering_book,Where are electronics engineering books?,Electronics engineering books are located on Level 1 under DDC 621.381. You can borrow them there.
electronics_engineering_book,Where can I find electronics engineering books?,Electronics engineering books are located on Level 1 under DDC 621.381. You can borrow them there.
electronics_engineering_book,electronics engineering book level what?,Electronics engineering books are located on Level 1 under DDC 621.381. You can borrow them there.
electronics_engineering_book,where electronics engineering books ah?,Electronics engineering books are located on Level 1 under DDC 621.381. You can borrow them there.
electronics_engineering_book,Where is the electronics engineering section?,Electronics engineering books are located on Level 1 under DDC 621.381. You can borrow them there.
electronics_engineering_book,Which level has the electronics engineering books?,Electronics engineering books are located on Level 1 under DDC 621.381. You can borrow them there.
electronics_engineering_book,What floor are the electronics engineering books on?,Electronics engineering books are located on Level 1 under DDC 621.381. You can borrow them there.
electronics_engineering_book,Where can I get an electronics engineering book?,Electronics engineering books are located on Level 1 under DDC 621.381. You can borrow them there.
electronics_engineering_book,Which part of the library has electronics engineering books?,Electronics engineering books are located on Level 1 under DDC 621.381. You can borrow them there.
engineering_book,engineering book kat mana ah,Engineering books are located on Level 1 under DDC 620. You can borrow them there.
engineering_book,I nak cari engineering book,Engineering books are located on Level 1 under DDC 620. You can borrow them there.
engineering_book,engineering book di level mana,Engineering books are located on Level 1 under DDC 620. You can borrow them there.
engineering_book,I want to borrow engineering book.,Engineering books are located on Level 1 under DDC 620. You can borrow them there.
engineering_book,Where are engineering books?,Engineering books are located on Level 1 under DDC 620. You can borrow them there.
engineering_book,Where can I find engineering books?,Engineering books are located on Level 1 under DDC 620. You can borrow them there.
engineering_book,engineering book level what?,Engineering books are located on Level 1 under DDC 620. You can borrow them there.
engineering_book,where engineering books ah?,Engineering books are located on Level 1 under DDC 620. You can borrow them there.
engineering_book,Where is the engineering section?,Engineering books are located on Level 1 under DDC 620. You can borrow them there.
engineering_book,Which level has the engineering books?,Engineering books are located on Level 1 under DDC 620. You can borrow them there.
engineering_book,What floor are the engineering books on?,Engineering books are located on Level 1 under DDC 620. You can borrow them there.
engineering_book,Where can I get an engineering book?,Engineering books are located on Level 1 under DDC 620. You can borrow them there.
engineering_book,Which part of the library has engineering books?,Engineering books are located on Level 1 under DDC 620. You can borrow them there.
engineering_maths_book,engineering maths book kat mana ah,Engineering mathematics books are located on Level 1 under DDC 510.2462. You can borrow them there.
engineering_maths_book,I nak cari engineering maths book,Engineering mathematics books are located on Level 1 under DDC 510.2462. You can borrow them there.
engineering_maths_book,engineering maths book di level mana,Engineering mathematics books are located on Level 1 under DDC 510.2462. You can borrow them there.
engineering_maths_book,I want to borrow engineering maths book.,Engineering mathematics books are located on Level 1 under DDC 510.2462. You can borrow them there.
engineering_maths_book,Where are engineering maths books?,Engineering mathematics books are located on Level 1 under DDC 510.2462. You can borrow them there.
engineering_maths_book,Where can I find engineering maths books?,Engineering mathematics books are located on Level 1 under DDC 510.2462. You can borrow them there.
engineering_maths_book,engineering maths book level what?,Engineering mathematics books are located on Level 1 under DDC 510.2462. You can borrow them there.
engineering_maths_book,where engineering maths books ah?,Engineering mathematics books are located on Level 1 under DDC 510.2462. You can borrow them there.
engineering_maths_book,Where is the engineering maths section?,Engineering mathematics books are located on Level 1 under DDC 510.2462. You can borrow them there.
engineering_maths_book,Which level has the engineering maths books?,Engineering mathematics books are located on Level 1 under DDC 510.2462. You can borrow them there.
engineering_maths_book,What floor are the engineering maths books on?,Engineering mathematics books are located on Level 1 under DDC 510.2462. You can borrow them there.
engineering_maths_book,Where can I get an engineering maths book?,Engineering mathematics books are located on Level 1 under DDC 510.2462. You can borrow them there.
engineering_maths_book,Which part of the library has engineering maths books?,Engineering mathematics books are located on Level 1 under DDC 510.2462. You can borrow them there.
engineering_mathematics_book,engineering mathematics book kat mana ah,Engineering mathematics books are located on Level 1 under DDC 510.2462. You can borrow them there.
engineering_mathematics_book,I nak cari engineering mathematics book,Engineering mathematics books are located on Level 1 under DDC 510.2462. You can borrow them there.
engineering_mathematics_book,engineering mathematics book di level mana,Engineering mathematics books are located on Level 1 under DDC 510.2462. You can borrow them there.
engineering_mathematics_book,I want to borrow engineering mathematics book.,Engineering mathematics books are located on Level 1 under DDC 510.2462. You can borrow them there.
engineering_mathematics_book,Where are engineering mathematics books?,Engineering mathematics books are located on Level 1 under DDC 510.2462. You can borrow them there.
engineering_mathematics_book,Where can I find engineering mathematics books?,Engineering mathematics books are located on Level 1 under DDC 510.2462. You can borrow them there.
engineering_mathematics_book,engineering mathematics book level what?,Engineering mathematics books are located on Level 1 under DDC 510.2462. You can borrow them there.
engineering_mathematics_book,where engineering mathematics books ah?,Engineering mathematics books are located on Level 1 under DDC 510.2462. You can borrow them there.
engineering_mathematics_book,Where is the engineering mathematics section?,Engineering mathematics books are located on Level 1 under DDC 510.2462. You can borrow them there.
engineering_mathematics_book,Which level has the engineering mathematics books?,Engineering mathematics books are located on Level 1 under DDC 510.2462. You can borrow them there.
engineering_mathematics_book,What floor are the engineering mathematics books on?,Engineering mathematics books are located on Level 1 under DDC 510.2462. You can borrow them there.
engineering_mathematics_book,Where can I get an engineering mathematics book?,Engineering mathematics books are located on Level 1 under DDC 510.2462. You can borrow them there.
engineering_mathematics_book,Which part of the library has engineering mathematics books?,Engineering mathematics books are located on Level 1 under DDC 510.2462. You can borrow them there.
eng_book,eng book kat mana ah,English books are located on Level 1A under DDC 420. You can borrow them there.
eng_book,I nak cari eng book,English books are located on Level 1A under DDC 420. You can borrow them there.
eng_book,eng book di level mana,English books are located on Level 1A under DDC 420. You can borrow them there.
eng_book,I want to borrow eng book.,English books are located on Level 1A under DDC 420. You can borrow them there.
eng_book,Where are eng books?,English books are located on Level 1A under DDC 420. You can borrow them there.
eng_book,Where can I find en books?,English books are located on Level 1A under DDC 420. You can borrow them there.
eng_book,eng book level what?,English books are located on Level 1A under DDC 420. You can borrow them there.
eng_book,where eng books ah?,English books are located on Level 1A under DDC 420. You can borrow them there.
eng_book,Where is the eng section?,English books are located on Level 1A under DDC 420. You can borrow them there.
eng_book,Which level has the eng books?,English books are located on Level 1A under DDC 420. You can borrow them there.
eng_book,What floor are the eng books on?,English books are located on Level 1A under DDC 420. You can borrow them there.
eng_book,Where can I get an eng book?,English books are located on Level 1A under DDC 420. You can borrow them there.
eng_book,Which part of the library has eng books?,English books are located on Level 1A under DDC 420. You can borrow them there.
english_book,english book kat mana ah,English books are located on Level 1A under DDC 420. You can borrow them there.
english_book,I nak cari english book,English books are located on Level 1A under DDC 420. You can borrow them there.
english_book,english book di level mana,English books are located on Level 1A under DDC 420. You can borrow them there.
english_book,I want to borrow english book.,English books are located on Level 1A under DDC 420. You can borrow them there.
english_book,Where are english books?,English books are located on Level 1A under DDC 420. You can borrow them there.
english_book,Where can I find english books?,English books are located on Level 1A under DDC 420. You can borrow them there.
english_book,english book level what?,English books are located on Level 1A under DDC 420. You can borrow them there.
english_book,where english books ah?,English books are located on Level 1A under DDC 420. You can borrow them there.
english_book,Where is the english section?,English books are located on Level 1A under DDC 420. You can borrow them there.
english_book,Which level has the english books?,English books are located on Level 1A under DDC 420. You can borrow them there.
english_book,What floor are the english books on?,English books are located on Level 1A under DDC 420. You can borrow them there.
english_book,Where can I get an english book?,English books are located on Level 1A under DDC 420. You can borrow them there.
english_book,Which part of the library has english books?,English books are located on Level 1A under DDC 420. You can borrow them there.
entrepreneurship_book,entrepreneurship book kat mana ah,Entrepreneurship books are located on Level 2A under DDC 658.421. You can borrow them there.
entrepreneurship_book,I nak cari entrepreneurship book,Entrepreneurship books are located on Level 2A under DDC 658.421. You can borrow them there.
entrepreneurship_book,entrepreneurship book di level mana,Entrepreneurship books are located on Level 2A under DDC 658.421. You can borrow them there.
entrepreneurship_book,I want to borrow entrepreneurship book.,Entrepreneurship books are located on Level 2A under DDC 658.421. You can borrow them there.
entrepreneurship_book,Where are entrepreneurship books?,Entrepreneurship books are located on Level 2A under DDC 658.421. You can borrow them there.
entrepreneurship_book,Where can I find entrepreneurship books?,Entrepreneurship books are located on Level 2A under DDC 658.421. You can borrow them there.
entrepreneurship_book,entrepreneurship book level what?,Entrepreneurship books are located on Level 2A under DDC 658.421. You can borrow them there.
entrepreneurship_book,where entrepreneurship books ah?,Entrepreneurship books are located on Level 2A under DDC 658.421. You can borrow them there.
entrepreneurship_book,Where is the entrepreneurship section?,Entrepreneurship books are located on Level 2A under DDC 658.421. You can borrow them there.
entrepreneurship_book,Which level has the entrepreneurship books?,Entrepreneurship books are located on Level 2A under DDC 658.421. You can borrow them there.
entrepreneurship_book,What floor are the entrepreneurship books on?,Entrepreneurship books are located on Level 2A under DDC 658.421. You can borrow them there.
entrepreneurship_book,Where can I get an entrepreneurship book?,Entrepreneurship books are located on Level 2A under DDC 658.421. You can borrow them there.
entrepreneurship_book,Which part of the library has entrepreneurship books?,Entrepreneurship books are located on Level 2A under DDC 658.421. You can borrow them there.
event_management_book,event management book kat mana ah,Event management books are located on Level 1A under DDC 394.2. You can borrow them there.
event_management_book,I nak cari event management book,Event management books are located on Level 1A under DDC 394.2. You can borrow them there.
event_management_book,event management book di level mana,Event management books are located on Level 1A under DDC 394.2. You can borrow them there.
event_management_book,I want to borrow event management book.,Event management books are located on Level 1A under DDC 394.2. You can borrow them there.
event_management_book,Where are event management books?,Event management books are located on Level 1A under DDC 394.2. You can borrow them there.
event_management_book,Where can I find events books?,Event management books are located on Level 1A under DDC 394.2. You can borrow them there.
event_management_book,event management book level what?,Event management books are located on Level 1A under DDC 394.2. You can borrow them there.
event_management_book,where event management books ah?,Event management books are located on Level 1A under DDC 394.2. You can borrow them there.
event_management_book,Where is the event management section?,Event management books are located on Level 1A under DDC 394.2. You can borrow them there.
event_management_book,Which level has the event management books?,Event management books are located on Level 1A under DDC 394.2. You can borrow them there.
event_management_book,What floor are the event management books on?,Event management books are located on Level 1A under DDC 394.2. You can borrow them there.
event_management_book,Where can I get an event management book?,Event management books are located on Level 1A under DDC 394.2. You can borrow them there.
event_management_book,Which part of the library has event management books?,Event management books are located on Level 1A under DDC 394.2. You can borrow them there.
fashion_design_book,fashion design book kat mana ah,Fashion design books are located on Level 2A under DDC 746.92. You can borrow them there.
fashion_design_book,I nak cari fashion design book,Fashion design books are located on Level 2A under DDC 746.92. You can borrow them there.
fashion_design_book,fashion design book di level mana,Fashion design books are located on Level 2A under DDC 746.92. You can borrow them there.
fashion_design_book,I want to borrow fashion design book.,Fashion design books are located on Level 2A under DDC 746.92. You can borrow them there.
fashion_design_book,Where are fashion design books?,Fashion design books are located on Level 2A under DDC 746.92. You can borrow them there.
fashion_design_book,Where can I find fashion books?,Fashion design books are located on Level 2A under DDC 746.92. You can borrow them there.
fashion_design_book,fashion design book level what?,Fashion design books are located on Level 2A under DDC 746.92. You can borrow them there.
fashion_design_book,where fashion design books ah?,Fashion design books are located on Level 2A under DDC 746.92. You can borrow them there.
fashion_design_book,Where is the fashion design section?,Fashion design books are located on Level 2A under DDC 746.92. You can borrow them there.
fashion_design_book,Which level has the fashion design books?,Fashion design books are located on Level 2A under DDC 746.92. You can borrow them there.
fashion_design_book,What floor are the fashion design books on?,Fashion design books are located on Level 2A under DDC 746.92. You can borrow them there.
fashion_design_book,Where can I get a fashion design book?,Fashion design books are located on Level 2A under DDC 746.92. You can borrow them there.
fashion_design_book,Which part of the library has fashion design books?,Fashion design books are located on Level 2A under DDC 746.92. You can borrow them there.
financial_economics_book,financial economics book kat mana ah,Financial economics books are located on Level 1A under DDC 332. You can borrow them there.
financial_economics_book,I nak cari financial economics book,Financial economics books are located on Level 1A under DDC 332. You can borrow them there.
financial_economics_book,financial economics book di level mana,Financial economics books are located on Level 1A under DDC 332. You can borrow them there.
financial_economics_book,I want to borrow financial economics book.,Financial economics books are located on Level 1A under DDC 332. You can borrow them there.
financial_economics_book,Where are financial economics books?,Financial economics books are located on Level 1A under DDC 332. You can borrow them there.
financial_economics_book,Where can I find financial economics books?,Financial economics books are located on Level 1A under DDC 332. You can borrow them there.
financial_economics_book,financial economics book level what?,Financial economics books are located on Level 1A under DDC 332. You can borrow them there.
financial_economics_book,where financial economics books ah?,Financial economics books are located on Level 1A under DDC 332. You can borrow them there.
financial_economics_book,Where is the financial economics section?,Financial economics books are located on Level 1A under DDC 332. You can borrow them there.
financial_economics_book,Which level has the financial economics books?,Financial economics books are located on Level 1A under DDC 332. You can borrow them there.
financial_economics_book,What floor are the financial economics books on?,Financial economics books are located on Level 1A under DDC 332. You can borrow them there.
financial_economics_book,Where can I get a financial economics book?,Financial economics books are located on Level 1A under DDC 332. You can borrow them there.
financial_economics_book,Which part of the library has financial economics books?,Financial economics books are located on Level 1A under DDC 332. You can borrow them there.
drink_book,drink book kat mana ah,Food and drink books are located on Level 2A under DDC 641. You can borrow them there.
drink_book,I nak cari drink book,Food and drink books are located on Level 2A under DDC 641. You can borrow them there.
drink_book,drink book di level mana,Food and drink books are located on Level 2A under DDC 641. You can borrow them there.
drink_book,I want to borrow drink book.,Food and drink books are located on Level 2A under DDC 641. You can borrow them there.
drink_book,Where are drink books?,Food and drink books are located on Level 2A under DDC 641. You can borrow them there.
drink_book,Where can I find drink books?,Food and drink books are located on Level 2A under DDC 641. You can borrow them there.
drink_book,drink book level what?,Food and drink books are located on Level 2A under DDC 641. You can borrow them there.
drink_book,where drink books ah?,Food and drink books are located on Level 2A under DDC 641. You can borrow them there.
drink_book,Where is the drink section?,Food and drink books are located on Level 2A under DDC 641. You can borrow them there.
drink_book,Which level has the drink books?,Food and drink books are located on Level 2A under DDC 641. You can borrow them there.
drink_book,What floor are the drink books on?,Food and drink books are located on Level 2A under DDC 641. You can borrow them there.
drink_book,Where can I get a drink book?,Food and drink books are located on Level 2A under DDC 641. You can borrow them there.
drink_book,Which part of the library has drink books?,Food and drink books are located on Level 2A under DDC 641. You can borrow them there.
food_book,food book kat mana ah,Food and drink books are located on Level 2A under DDC 641. You can borrow them there.
food_book,I nak cari food book,Food and drink books are located on Level 2A under DDC 641. You can borrow them there.
food_book,food book di level mana,Food and drink books are located on Level 2A under DDC 641. You can borrow them there.
food_book,I want to borrow food book.,Food and drink books are located on Level 2A under DDC 641. You can borrow them there.
food_book,Where are food books?,Food and drink books are located on Level 2A under DDC 641. You can borrow them there.
food_book,Where can I find food books?,Food and drink books are located on Level 2A under DDC 641. You can borrow them there.
food_book,food book level what?,Food and drink books are located on Level 2A under DDC 641. You can borrow them there.
food_book,where food books ah?,Food and drink books are located on Level 2A under DDC 641. You can borrow them there.
food_book,Where is the food section?,Food and drink books are located on Level 2A under DDC 641. You can borrow them there.
food_book,Which level has the food books?,Food and drink books are located on Level 2A under DDC 641. You can borrow them there.
food_book,What floor are the food books on?,Food and drink books are located on Level 2A under DDC 641. You can borrow them there.
food_book,Where can I get a food book?,Food and drink books are located on Level 2A under DDC 641. You can borrow them there.
food_book,Which part of the library has food books?,Food and drink books are located on Level 2A under DDC 641. You can borrow them there.
food_drink_book,food and drink book kat mana ah,Food and drink books are located on Level 2A under DDC 641. You can borrow them there.
food_drink_book,I nak cari food and drink book,Food and drink books are located on Level 2A under DDC 641. You can borrow them there.
food_drink_book,food and drink book di level mana,Food and drink books are located on Level 2A under DDC 641. You can borrow them there.
food_drink_book,I want to borrow food and drink book.,Food and drink books are located on Level 2A under DDC 641. You can borrow them there.
food_drink_book,Where are food and drink books?,Food and drink books are located on Level 2A under DDC 641. You can borrow them there.
food_drink_book,Where can I find food and drink books?,Food and drink books are located on Level 2A under DDC 641. You can borrow them there.
food_drink_book,food and drink book level what?,Food and drink books are located on Level 2A under DDC 641. You can borrow them there.
food_drink_book,where food and drink books ah?,Food and drink books are located on Level 2A under DDC 641. You can borrow them there.
food_drink_book,Where is the food and drink section?,Food and drink books are located on Level 2A under DDC 641. You can borrow them there.
food_drink_book,Which level has the food and drink books?,Food and drink books are located on Level 2A under DDC 641. You can borrow them there.
food_drink_book,What floor are the food and drink books on?,Food and drink books are located on Level 2A under DDC 641. You can borrow them there.
food_drink_book,Where can I get a food and drink book?,Food and drink books are located on Level 2A under DDC 641. You can borrow them there.
food_drink_book,Which part of the library has food and drink books?,Food and drink books are located on Level 2A under DDC 641. You can borrow them there.
food_science_book,food science book kat mana ah,Food science books are located on Level 2A under DDC 664. You can borrow them there.
food_science_book,I nak cari food science book,Food science books are located on Level 2A under DDC 664. You can borrow them there.
food_science_book,food science book di level mana,Food science books are located on Level 2A under DDC 664. You can borrow them there.
food_science_book,I want to borrow food science book.,Food science books are located on Level 2A under DDC 664. You can borrow them there.
food_science_book,Where are food science books?,Food science books are located on Level 2A under DDC 664. You can borrow them there.
food_science_book,Where can I find food science books?,Food science books are located on Level 2A under DDC 664. You can borrow them there.
food_science_book,food science book level what?,Food science books are located on Level 2A under DDC 664. You can borrow them there.
food_science_book,where food science books ah?,Food science books are located on Level 2A under DDC 664. You can borrow them there.
food_science_book,Where is the food science section?,Food science books are located on Level 2A under DDC 664. You can borrow them there.
food_science_book,Which level has the food science books?,Food science books are located on Level 2A under DDC 664. You can borrow them there.
food_science_book,What floor are the food science books on?,Food science books are located on Level 2A under DDC 664. You can borrow them there.
food_science_book,Where can I get a food science book?,Food science books are located on Level 2A under DDC 664. You can borrow them there.
food_science_book,Which part of the library has food science books?,Food science books are located on Level 2A under DDC 664. You can borrow them there.
food_services_book,food services book kat mana ah,Food services books are located on Level 2A under DDC 647.95. You can borrow them there.
food_services_book,I nak cari food services book,Food services books are located on Level 2A under DDC 647.95. You can borrow them there.
food_services_book,food services book di level mana,Food services books are located on Level 2A under DDC 647.95. You can borrow them there.
food_services_book,I want to borrow food services book.,Food services books are located on Level 2A under DDC 647.95. You can borrow them there.
food_services_book,Where are food services books?,Food services books are located on Level 2A under DDC 647.95. You can borrow them there.
food_services_book,Where can I find food services books?,Food services books are located on Level 2A under DDC 647.95. You can borrow them there.
food_services_book,food services book level what?,Food services books are located on Level 2A under DDC 647.95. You can borrow them there.
food_services_book,where food services books ah?,Food services books are located on Level 2A under DDC 647.95. You can borrow them there.
food_services_book,Where is the food services section?,Food services books are located on Level 2A under DDC 647.95. You can borrow them there.
food_services_book,Which level has the food services books?,Food services books are located on Level 2A under DDC 647.95. You can borrow them there.
food_services_book,What floor are the food services books on?,Food services books are located on Level 2A under DDC 647.95. You can borrow them there.
food_services_book,Where can I get a food services book?,Food services books are located on Level 2A under DDC 647.95. You can borrow them there.
food_services_book,Which part of the library has food services books?,Food services books are located on Level 2A under DDC 647.95. You can borrow them there.
graphic_design_book,graphic design book kat mana ah,Graphic design books are located on Level 2A under DDC 741.6. You can borrow them there.
graphic_design_book,I nak cari graphic design book,Graphic design books are located on Level 2A under DDC 741.6. You can borrow them there.
graphic_design_book,graphic design book di level mana,Graphic design books are located on Level 2A under DDC 741.6. You can borrow them there.
graphic_design_book,I want to borrow graphic design book.,Graphic design books are located on Level 2A under DDC 741.6. You can borrow them there.
graphic_design_book,Where are graphic design books?,Graphic design books are located on Level 2A under DDC 741.6. You can borrow them there.
graphic_design_book,Where can I find graphic books?,Graphic design books are located on Level 2A under DDC 741.6. You can borrow them there.
graphic_design_book,graphic design book level what?,Graphic design books are located on Level 2A under DDC 741.6. You can borrow them there.
graphic_design_book,where graphic design books ah?,Graphic design books are located on Level 2A under DDC 741.6. You can borrow them there.
graphic_design_book,Where is the graphic design section?,Graphic design books are located on Level 2A under DDC 741.6. You can borrow them there.
graphic_design_book,Which level has the graphic design books?,Graphic design books are located on Level 2A under DDC 741.6. You can borrow them there.
graphic_design_book,What floor are the graphic design books on?,Graphic design books are located on Level 2A under DDC 741.6. You can borrow them there.
graphic_design_book,Where can I get a graphic design book?,Graphic design books are located on Level 2A under DDC 741.6. You can borrow them there.
graphic_design_book,Which part of the library has graphic design books?,Graphic design books are located on Level 2A under DDC 741.6. You can borrow them there.
hospitality_book,hospitality book kat mana ah,Hospitality industry books are located on Level 2A under DDC 647.94. You can borrow them there.
hospitality_book,I nak cari hospitality book,Hospitality industry books are located on Level 2A under DDC 647.94. You can borrow them there.
hospitality_book,hospitality book di level mana,Hospitality industry books are located on Level 2A under DDC 647.94. You can borrow them there.
hospitality_book,I want to borrow hospitality book.,Hospitality industry books are located on Level 2A under DDC 647.94. You can borrow them there.
hospitality_book,Where are hospitality books?,Hospitality industry books are located on Level 2A under DDC 647.94. You can borrow them there.
hospitality_book,Where can I find hotel management books?,Hospitality industry books are located on Level 2A under DDC 647.94. You can borrow them there.
hospitality_book,hospitality book level what?,Hospitality industry books are located on Level 2A under DDC 647.94. You can borrow them there.
hospitality_book,where hospitality books ah?,Hospitality industry books are located on Level 2A under DDC 647.94. You can borrow them there.
hospitality_book,Where is the hospitality section?,Hospitality industry books are located on Level 2A under DDC 647.94. You can borrow them there.
hospitality_book,Which level has the hospitality books?,Hospitality industry books are located on Level 2A under DDC 647.94. You can borrow them there.
hospitality_book,What floor are the hospitality books on?,Hospitality industry books are located on Level 2A under DDC 647.94. You can borrow them there.
hospitality_book,Where can I get a hospitality book?,Hospitality industry books are located on Level 2A under DDC 647.94. You can borrow them there.
hospitality_book,Which part of the library has hospitality books?,Hospitality industry books are located on Level 2A under DDC 647.94. You can borrow them there.
hospitality_industry_book,hospitality industry book kat mana ah,Hospitality industry books are located on Level 2A under DDC 647.94. You can borrow them there.
hospitality_industry_book,I nak cari hospitality industry book,Hospitality industry books are located on Level 2A under DDC 647.94. You can borrow them there.
hospitality_industry_book,hospitality industry book di level mana,Hospitality industry books are located on Level 2A under DDC 647.94. You can borrow them there.
hospitality_industry_book,I want to borrow hospitality industry book.,Hospitality industry books are located on Level 2A under DDC 647.94. You can borrow them there.
hospitality_industry_book,Where are hospitality industry books?,Hospitality industry books are located on Level 2A under DDC 647.94. You can borrow them there.
hospitality_industry_book,Where can I find hotel management books?,Hospitality industry books are located on Level 2A under DDC 647.94. You can borrow them there.
hospitality_industry_book,hospitality industry book level what?,Hospitality industry books are located on Level 2A under DDC 647.94. You can borrow them there.
hospitality_industry_book,where hospitality industry books ah?,Hospitality industry books are located on Level 2A under DDC 647.94. You can borrow them there.
hospitality_industry_book,Where is the hospitality industry section?,Hospitality industry books are located on Level 2A under DDC 647.94. You can borrow them there.
hospitality_industry_book,Which level has the hospitality industry books?,Hospitality industry books are located on Level 2A under DDC 647.94. You can borrow them there.
hospitality_industry_book,What floor are the hospitality industry books on?,Hospitality industry books are located on Level 2A under DDC 647.94. You can borrow them there.
hospitality_industry_book,Where can I get a hospitality industry book?,Hospitality industry books are located on Level 2A under DDC 647.94. You can borrow them there.
hospitality_industry_book,Which part of the library has hospitality industry books?,Hospitality industry books are located on Level 2A under DDC 647.94. You can borrow them there.
human_anatomy_book,human anatomy book kat mana ah,Human anatomy books are located on Level 1 under DDC 612. You can borrow them there.
human_anatomy_book,I nak cari human anatomy book,Human anatomy books are located on Level 1 under DDC 612. You can borrow them there.
human_anatomy_book,human anatomy book di level mana,Human anatomy books are located on Level 1 under DDC 612. You can borrow them there.
human_anatomy_book,I want to borrow human anatomy book.,Human anatomy books are located on Level 1 under DDC 612. You can borrow them there.
human_anatomy_book,Where are human anatomy books?,Human anatomy books are located on Level 1 under DDC 612. You can borrow them there.
human_anatomy_book,Where can I find human anatomy books?,Human anatomy books are located on Level 1 under DDC 612. You can borrow them there.
human_anatomy_book,human anatomy book level what?,Human anatomy books are located on Level 1 under DDC 612. You can borrow them there.
human_anatomy_book,where human anatomy books ah?,Human anatomy books are located on Level 1 under DDC 612. You can borrow them there.
human_anatomy_book,Where is the human anatomy section?,Human anatomy books are located on Level 1 under DDC 612. You can borrow them there.
human_anatomy_book,Which level has the human anatomy books?,Human anatomy books are located on Level 1 under DDC 612. You can borrow them there.
human_anatomy_book,What floor are the human anatomy books on?,Human anatomy books are located on Level 1 under DDC 612. You can borrow them there.
human_anatomy_book,Where can I get an human anatomy book?,Human anatomy books are located on Level 1 under DDC 612. You can borrow them there.
human_anatomy_book,Which part of the library has human anatomy books?,Human anatomy books are located on Level 1 under DDC 612. You can borrow them there.
physiology_book,physiology book kat mana ah,Physiology books are located on Level 1 under DDC 612. You can borrow them there.
physiology_book,I nak cari physiology book,Physiology books are located on Level 1 under DDC 612. You can borrow them there.
physiology_book,physiology book di level mana,Physiology books are located on Level 1 under DDC 612. You can borrow them there.
physiology_book,I want to borrow physiology book.,Physiology books are located on Level 1 under DDC 612. You can borrow them there.
physiology_book,Where are physiology books?,Physiology books are located on Level 1 under DDC 612. You can borrow them there.
physiology_book,Where can I find physiology books?,Physiology books are located on Level 1 under DDC 612. You can borrow them there.
physiology_book,physiology book level what?,Physiology books are located on Level 1 under DDC 612. You can borrow them there.
physiology_book,where physiology books ah?,Physiology books are located on Level 1 under DDC 612. You can borrow them there.
physiology_book,Where is the physiology section?,Physiology books are located on Level 1 under DDC 612. You can borrow them there.
physiology_book,Which level has the physiology books?,Physiology books are located on Level 1 under DDC 612. You can borrow them there.
physiology_book,What floor are the physiology books on?,Physiology books are located on Level 1 under DDC 612. You can borrow them there.
physiology_book,Where can I get a physiology book?,Physiology books are located on Level 1 under DDC 612. You can borrow them there.
physiology_book,Which part of the library has physiology books?,Physiology books are located on Level 1 under DDC 612. You can borrow them there.
human_resource_book,human resource book kat mana ah,Human resource management books are located on Level 2A under DDC 658.3. You can borrow them there.
human_resource_book,I nak cari human resource book,Human resource management books are located on Level 2A under DDC 658.3. You can borrow them there.
human_resource_book,human resource book di level mana,Human resource management books are located on Level 2A under DDC 658.3. You can borrow them there.
human_resource_book,I want to borrow human resource book.,Human resource management books are located on Level 2A under DDC 658.3. You can borrow them there.
human_resource_book,Where are human resource books?,Human resource management books are located on Level 2A under DDC 658.3. You can borrow them there.
human_resource_book,Where can I find human resource books?,Human resource management books are located on Level 2A under DDC 658.3. You can borrow them there.
human_resource_book,human resource book level what?,Human resource management books are located on Level 2A under DDC 658.3. You can borrow them there.
human_resource_book,where human resource books ah?,Human resource management books are located on Level 2A under DDC 658.3. You can borrow them there.
human_resource_book,Where is the human resource section?,Human resource management books are located on Level 2A under DDC 658.3. You can borrow them there.
human_resource_book,Which level has the human resource books?,Human resource management books are located on Level 2A under DDC 658.3. You can borrow them there.
human_resource_book,What floor are the human resource books on?,Human resource management books are located on Level 2A under DDC 658.3. You can borrow them there.
human_resource_book,Where can I get a human resourcebook?,Human resource management books are located on Level 2A under DDC 658.3. You can borrow them there.
human_resource_book,Which part of the library has human resource books?,Human resource management books are located on Level 2A under DDC 658.3. You can borrow them there.
hr_book,hr book kat mana ah,Human resource management books are located on Level 2A under DDC 658.3. You can borrow them there.
hr_book,I nak cari hr book,Human resource management books are located on Level 2A under DDC 658.3. You can borrow them there.
hr_book,hr book di level mana,Human resource management books are located on Level 2A under DDC 658.3. You can borrow them there.
hr_book,I want to borrow hr book.,Human resource management books are located on Level 2A under DDC 658.3. You can borrow them there.
hr_book,Where are hr books?,Human resource management books are located on Level 2A under DDC 658.3. You can borrow them there.
hr_book,Where can I find hr books?,Human resource management books are located on Level 2A under DDC 658.3. You can borrow them there.
hr_book,human resource book level what?,Human resource management books are located on Level 2A under DDC 658.3. You can borrow them there.
hr_book,where hr books ah?,Human resource management books are located on Level 2A under DDC 658.3. You can borrow them there.
hr_book,Where is the hr section?,Human resource management books are located on Level 2A under DDC 658.3. You can borrow them there.
hr_book,Which level has the hr books?,Human resource management books are located on Level 2A under DDC 658.3. You can borrow them there.
hr_book,What floor are the hr books on?,Human resource management books are located on Level 2A under DDC 658.3. You can borrow them there.
hr_book,Where can I get a hrbook?,Human resource management books are located on Level 2A under DDC 658.3. You can borrow them there.
hr_book,Which part of the library has hr books?,Human resource management books are located on Level 2A under DDC 658.3. You can borrow them there.
it_book,it book kat mana ah,Information technology books are located on Level 1A under DDC 4. You can borrow them there.
it_book,I nak cari it book,Information technology books are located on Level 1A under DDC 4. You can borrow them there.
it_book,it book di level mana,Information technology books are located on Level 1A under DDC 4. You can borrow them there.
it_book,I want to borrow it book.,Information technology books are located on Level 1A under DDC 4. You can borrow them there.
it_book,Where are it books?,Information technology books are located on Level 1A under DDC 4. You can borrow them there.
it_book,Where can I find it books?,Information technology books are located on Level 1A under DDC 4. You can borrow them there.
it_book,it book level what?,Information technology books are located on Level 1A under DDC 4. You can borrow them there.
it_book,where it books ah?,Information technology books are located on Level 1A under DDC 4. You can borrow them there.
it_book,Where is the it section?,Information technology books are located on Level 1A under DDC 4. You can borrow them there.
it_book,Which level has the it books?,Information technology books are located on Level 1A under DDC 4. You can borrow them there.
it_book,What floor are the it books on?,Information technology books are located on Level 1A under DDC 4. You can borrow them there.
it_book,Where can I get an it book?,Information technology books are located on Level 1A under DDC 4. You can borrow them there.
it_book,Which part of the library has it books?,Information technology books are located on Level 1A under DDC 4. You can borrow them there.
information_technology_book,information technology book kat mana ah,Information technology books are located on Level 1A under DDC 4. You can borrow them there.
information_technology_book,I nak cari information technology book,Information technology books are located on Level 1A under DDC 4. You can borrow them there.
information_technology_book,information technology book di level mana,Information technology books are located on Level 1A under DDC 4. You can borrow them there.
information_technology_book,I want to borrow information technology book.,Information technology books are located on Level 1A under DDC 4. You can borrow them there.
information_technology_book,Where are information technology books?,Information technology books are located on Level 1A under DDC 4. You can borrow them there.
information_technology_book,Where can I find information technology books?,Information technology books are located on Level 1A under DDC 4. You can borrow them there.
information_technology_book,information technology book level what?,Information technology books are located on Level 1A under DDC 4. You can borrow them there.
information_technology_book,where information technology books ah?,Information technology books are located on Level 1A under DDC 4. You can borrow them there.
information_technology_book,Where is the information technology section?,Information technology books are located on Level 1A under DDC 4. You can borrow them there.
information_technology_book,Which level has the information technology books?,Information technology books are located on Level 1A under DDC 4. You can borrow them there.
information_technology_book,What floor are the information technology books on?,Information technology books are located on Level 1A under DDC 4. You can borrow them there.
information_technology_book,Where can I get an information technology book?,Information technology books are located on Level 1A under DDC 4. You can borrow them there.
information_technology_book,Which part of the library has information technology books?,Information technology books are located on Level 1A under DDC 4. You can borrow them there.
international_economics_book,international economics book kat mana ah,International economics books are located on Level 1A under DDC 337. You can borrow them there.
international_economics_book,I nak cari international economics book,International economics books are located on Level 1A under DDC 337. You can borrow them there.
international_economics_book,international economics book di level mana,International economics books are located on Level 1A under DDC 337. You can borrow them there.
international_economics_book,I want to borrow international economics book.,International economics books are located on Level 1A under DDC 337. You can borrow them there.
international_economics_book,Where are international economics books?,International economics books are located on Level 1A under DDC 337. You can borrow them there.
international_economics_book,Where can I find international economics books?,International economics books are located on Level 1A under DDC 337. You can borrow them there.
international_economics_book,international economics book level what?,International economics books are located on Level 1A under DDC 337. You can borrow them there.
international_economics_book,where international economics books ah?,International economics books are located on Level 1A under DDC 337. You can borrow them there.
international_economics_book,Where is the international economics section?,International economics books are located on Level 1A under DDC 337. You can borrow them there.
international_economics_book,Which level has the international economics books?,International economics books are located on Level 1A under DDC 337. You can borrow them there.
international_economics_book,What floor are the international economics books on?,International economics books are located on Level 1A under DDC 337. You can borrow them there.
international_economics_book,Where can I get an international economics book?,International economics books are located on Level 1A under DDC 337. You can borrow them there.
international_economics_book,Which part of the library has international economics books?,International economics books are located on Level 1A under DDC 337. You can borrow them there.
internet_book,internet book kat mana ah,Internet books are located on Level 1A under DDC 4.678. You can borrow them there.
internet_book,I nak cari internet book,Internet books are located on Level 1A under DDC 4.678. You can borrow them there.
internet_book,internet book di level mana,Internet books are located on Level 1A under DDC 4.678. You can borrow them there.
internet_book,I want to borrow internet book.,Internet books are located on Level 1A under DDC 4.678. You can borrow them there.
internet_book,Where are internet books?,Internet books are located on Level 1A under DDC 4.678. You can borrow them there.
internet_book,Where can I find internet books?,Internet books are located on Level 1A under DDC 4.678. You can borrow them there.
internet_book,internet book level what?,Internet books are located on Level 1A under DDC 4.678. You can borrow them there.
internet_book,where internet books ah?,Internet books are located on Level 1A under DDC 4.678. You can borrow them there.
internet_book,Where is the internet section?,Internet books are located on Level 1A under DDC 4.678. You can borrow them there.
internet_book,Which level has the internet books?,Internet books are located on Level 1A under DDC 4.678. You can borrow them there.
internet_book,What floor are the internet books on?,Internet books are located on Level 1A under DDC 4.678. You can borrow them there.
internet_book,Where can I get an internet book?,Internet books are located on Level 1A under DDC 4.678. You can borrow them there.
internet_book,Which part of the library has internet books?,Internet books are located on Level 1A under DDC 4.678. You can borrow them there.
investment_book,investment book kat mana ah,Investment books are located on Level 1A under DDC 332.6. You can borrow them there.
investment_book,I nak cari investment book,Investment books are located on Level 1A under DDC 332.6. You can borrow them there.
investment_book,investment book di level mana,Investment books are located on Level 1A under DDC 332.6. You can borrow them there.
investment_book,I want to borrow investment book.,Investment books are located on Level 1A under DDC 332.6. You can borrow them there.
investment_book,Where are investment books?,Investment books are located on Level 1A under DDC 332.6. You can borrow them there.
investment_book,Where can I find investing books?,Investment books are located on Level 1A under DDC 332.6. You can borrow them there.
investment_book,investment book level what?,Investment books are located on Level 1A under DDC 332.6. You can borrow them there.
investment_book,where investment books ah?,Investment books are located on Level 1A under DDC 332.6. You can borrow them there.
investment_book,Where is the investment section?,Investment books are located on Level 1A under DDC 332.6. You can borrow them there.
investment_book,Which level has the investment books?,Investment books are located on Level 1A under DDC 332.6. You can borrow them there.
investment_book,What floor are the investment books on?,Investment books are located on Level 1A under DDC 332.6. You can borrow them there.
investment_book,Where can I get an investment book?,Investment books are located on Level 1A under DDC 332.6. You can borrow them there.
investment_book,Which part of the library has investment books?,Investment books are located on Level 1A under DDC 332.6. You can borrow them there.
journalism_book,journalism book kat mana ah,Journalismt books are located on Level 1A under DDC 70.4. You can borrow them there.
journalism_book,I nak cari journalism book,Journalismt books are located on Level 1A under DDC 70.4. You can borrow them there.
journalism_book,journalism book di level mana,Journalismt books are located on Level 1A under DDC 70.4. You can borrow them there.
journalism_book,I want to borrow journalism book.,Journalismt books are located on Level 1A under DDC 70.4. You can borrow them there.
journalism_book,Where are journalism books?,Journalismt books are located on Level 1A under DDC 70.4. You can borrow them there.
journalism_book,Where can I find journalism books?,Journalismt books are located on Level 1A under DDC 70.4. You can borrow them there.
journalism_book,journalism book level what?,Journalismt books are located on Level 1A under DDC 70.4. You can borrow them there.
journalism_book,where journalism books ah?,Journalismt books are located on Level 1A under DDC 70.4. You can borrow them there.
journalism_book,Where is the journalism section?,Journalismt books are located on Level 1A under DDC 70.4. You can borrow them there.
journalism_book,Which level has the journalism books?,Journalismt books are located on Level 1A under DDC 70.4. You can borrow them there.
journalism_book,What floor are the journalism books on?,Journalismt books are located on Level 1A under DDC 70.4. You can borrow them there.
journalism_book,Where can I get a journalism book?,Journalismt books are located on Level 1A under DDC 70.4. You can borrow them there.
journalism_book,Which part of the library has journalism books?,Journalismt books are located on Level 1A under DDC 70.4. You can borrow them there.
law_book,law book kat mana ah,Law books are located on Level 1A under DDC 340. You can borrow them there.
law_book,I nak cari law book,Law books are located on Level 1A under DDC 340. You can borrow them there.
law_book,law book di level mana,Law books are located on Level 1A under DDC 340. You can borrow them there.
law_book,I want to borrow law book.,Law books are located on Level 1A under DDC 340. You can borrow them there.
law_book,Where are law books?,Law books are located on Level 1A under DDC 340. You can borrow them there.
law_book,Where can I find law books?,Law books are located on Level 1A under DDC 340. You can borrow them there.
law_book,law book level what?,Law books are located on Level 1A under DDC 340. You can borrow them there.
law_book,where law books ah?,Law books are located on Level 1A under DDC 340. You can borrow them there.
law_book,Where is the law section?,Law books are located on Level 1A under DDC 340. You can borrow them there.
law_book,Which level has the law books?,Law books are located on Level 1A under DDC 340. You can borrow them there.
law_book,What floor are the law books on?,Law books are located on Level 1A under DDC 340. You can borrow them there.
law_book,Where can I get a law book?,Law books are located on Level 1A under DDC 340. You can borrow them there.
law_book,Which part of the library has law books?,Law books are located on Level 1A under DDC 340. You can borrow them there.
logistics_book,logistics book kat mana ah,Logistics books are located on Level 2A under DDC 658.5. You can borrow them there.
logistics_book,I nak cari logistics book,Logistics books are located on Level 2A under DDC 658.5. You can borrow them there.
logistics_book,logistics book di level mana,Logistics books are located on Level 2A under DDC 658.5. You can borrow them there.
logistics_book,I want to borrow logistics book.,Logistics books are located on Level 2A under DDC 658.5. You can borrow them there.
logistics_book,Where are logistics books?,Logistics books are located on Level 2A under DDC 658.5. You can borrow them there.
logistics_book,Where can I find logistics books?,Logistics books are located on Level 2A under DDC 658.5. You can borrow them there.
logistics_book,logistics book level what?,Logistics books are located on Level 2A under DDC 658.5. You can borrow them there.
logistics_book,where logistics books ah?,Logistics books are located on Level 2A under DDC 658.5. You can borrow them there.
logistics_book,Where is the logistics section?,Logistics books are located on Level 2A under DDC 658.5. You can borrow them there.
logistics_book,Which level has the logistics books?,Logistics books are located on Level 2A under DDC 658.5. You can borrow them there.
logistics_book,What floor are the logistics books on?,Logistics books are located on Level 2A under DDC 658.5. You can borrow them there.
logistics_book,Where can I get a logistics book?,Logistics books are located on Level 2A under DDC 658.5. You can borrow them there.
logistics_book,Which part of the library has logistics books?,Logistics books are located on Level 2A under DDC 658.5. You can borrow them there.
macroeconomics_book,macroeconomics book kat mana ah,Macroeconomics books are located on Level 1A under DDC 339. You can borrow them there.
macroeconomics_book,I nak cari macroeconomics book,Macroeconomics books are located on Level 1A under DDC 339. You can borrow them there.
macroeconomics_book,macroeconomics book di level mana,Macroeconomics books are located on Level 1A under DDC 339. You can borrow them there.
macroeconomics_book,I want to borrow macroeconomics book.,Macroeconomics books are located on Level 1A under DDC 339. You can borrow them there.
macroeconomics_book,Where are macroeconomics books?,Macroeconomics books are located on Level 1A under DDC 339. You can borrow them there.
macroeconomics_book,Where can I find macroeconomics books?,Macroeconomics books are located on Level 1A under DDC 339. You can borrow them there.
macroeconomics_book,macroeconomics book level what?,Macroeconomics books are located on Level 1A under DDC 339. You can borrow them there.
macroeconomics_book,where macroeconomics books ah?,Macroeconomics books are located on Level 1A under DDC 339. You can borrow them there.
macroeconomics_book,Where is the macroeconomics section?,Macroeconomics books are located on Level 1A under DDC 339. You can borrow them there.
macroeconomics_book,Which level has the macroeconomics books?,Macroeconomics books are located on Level 1A under DDC 339. You can borrow them there.
macroeconomics_book,What floor are the macroeconomics books on?,Macroeconomics books are located on Level 1A under DDC 339. You can borrow them there.
macroeconomics_book,Where can I get a macroeconomics book?,Macroeconomics books are located on Level 1A under DDC 339. You can borrow them there.
macroeconomics_book,Which part of the library has macroeconomics books?,Macroeconomics books are located on Level 1A under DDC 339. You can borrow them there.
management_book,management book kat mana ah,Management books are located on Level 2A under DDC 658. You can borrow them there.
management_book,I nak cari management book,Management books are located on Level 2A under DDC 658. You can borrow them there.
management_book,management book di level mana,Management books are located on Level 2A under DDC 658. You can borrow them there.
management_book,I want to borrow management book.,Management books are located on Level 2A under DDC 658. You can borrow them there.
management_book,Where are management books?,Management books are located on Level 2A under DDC 658. You can borrow them there.
management_book,Where can I find management books?,Management books are located on Level 2A under DDC 658. You can borrow them there.
management_book,management book level what?,Management books are located on Level 2A under DDC 658. You can borrow them there.
management_book,where management books ah?,Management books are located on Level 2A under DDC 658. You can borrow them there.
management_book,Where is the management section?,Management books are located on Level 2A under DDC 658. You can borrow them there.
management_book,Which level has the management books?,Management books are located on Level 2A under DDC 658. You can borrow them there.
management_book,What floor are the management books on?,Management books are located on Level 2A under DDC 658. You can borrow them there.
management_book,Where can I get a management book?,Management books are located on Level 2A under DDC 658. You can borrow them there.
management_book,Which part of the library has management books?,Management books are located on Level 2A under DDC 658. You can borrow them there.
supply_chain_management_book,suppy chain management books kat mana ah,Suppy chain management books are located on Level 2A under DDC 658.7. You can borrow them there.
supply_chain_management_book,I nak cari suppy chain management books,Suppy chain management books are located on Level 2A under DDC 658.7. You can borrow them there.
supply_chain_management_book,suppy chain management books di level mana,Suppy chain management books are located on Level 2A under DDC 658.7. You can borrow them there.
supply_chain_management_book,I want to borrow suppy chain management book.,Suppy chain management books are located on Level 2A under DDC 658.7. You can borrow them there.
supply_chain_management_book,Where are suppy chain management books?,Suppy chain management books are located on Level 2A under DDC 658.7. You can borrow them there.
supply_chain_management_book,Where can I find supply chain management books?,Suppy chain management books are located on Level 2A under DDC 658.7. You can borrow them there.
supply_chain_management_book,supply chain management book level what?,Suppy chain management books are located on Level 2A under DDC 658.7. You can borrow them there.
supply_chain_management_book,where suppy chain management books ah?,Suppy chain management books are located on Level 2A under DDC 658.7. You can borrow them there.
supply_chain_management_book,Where is the suppy chain management section?,Suppy chain management books are located on Level 2A under DDC 658.7. You can borrow them there.
supply_chain_management_book,Which level has the suppy chain management books?,Suppy chain management books are located on Level 2A under DDC 658.7. You can borrow them there.
supply_chain_management_book,What floor are the suppy chain management books on?,Suppy chain management books are located on Level 2A under DDC 658.7. You can borrow them there.
supply_chain_management_book,Where can I get a suppy chain management book?,Suppy chain management books are located on Level 2A under DDC 658.7. You can borrow them there.
supply_chain_management_book,Which part of the library has suppy chain management books?,Suppy chain management books are located on Level 2A under DDC 658.7. You can borrow them there.
management_materials_book,management materials books kat mana ah,Management materials books are located on Level 2A under DDC 658.7. You can borrow them there.
management_materials_book,I nak cari management materials books,Management materials books are located on Level 2A under DDC 658.7. You can borrow them there.
management_materials_book,management materials books di level mana,Management materials books are located on Level 2A under DDC 658.7. You can borrow them there.
management_materials_book,I want to borrow management materials book.,Management materials books are located on Level 2A under DDC 658.7. You can borrow them there.
management_materials_book,Where are management materials books?,Management materials books are located on Level 2A under DDC 658.7. You can borrow them there.
management_materials_book,Where can I find supply chain management books?,Management materials books are located on Level 2A under DDC 658.7. You can borrow them there.
management_materials_book,scm book level what?,Management materials books are located on Level 2A under DDC 658.7. You can borrow them there.
management_materials_book,where management materials books ah?,Management materials books are located on Level 2A under DDC 658.7. You can borrow them there.
management_materials_book,Where is the management materials section?,Management materials books are located on Level 2A under DDC 658.7. You can borrow them there.
management_materials_book,Which level has the management materials books?,Management materials books are located on Level 2A under DDC 658.7. You can borrow them there.
management_materials_book,What floor are the management materials books on?,Management materials books are located on Level 2A under DDC 658.7. You can borrow them there.
management_materials_book,Where can I get a management materials book?,Management materials books are located on Level 2A under DDC 658.7. You can borrow them there.
management_materials_book,Which part of the library has management materials books?,Management materials books are located on Level 2A under DDC 658.7. You can borrow them there.
manufacturing_book,manufacturing books kat mana ah,Manufacturing books are located on Level 2A under DDC 670. You can borrow them there.
manufacturing_book,I nak cari manufacturing books,Manufacturing books are located on Level 2A under DDC 670. You can borrow them there.
manufacturing_book,manufacturing books di level mana,Manufacturing books are located on Level 2A under DDC 670. You can borrow them there.
manufacturing_book,I want to borrow manufacturing book.,Manufacturing books are located on Level 2A under DDC 670. You can borrow them there.
manufacturing_book,Where are manufacturing books?,Manufacturing books are located on Level 2A under DDC 670. You can borrow them there.
manufacturing_book,Where can I find manufacturing books?,Manufacturing books are located on Level 2A under DDC 670. You can borrow them there.
manufacturing_book,manufacturing book level what?,Manufacturing books are located on Level 2A under DDC 670. You can borrow them there.
manufacturing_book,where manufacturing books ah?,Manufacturing books are located on Level 2A under DDC 670. You can borrow them there.
manufacturing_book,Where is the manufacturing section?,Manufacturing books are located on Level 2A under DDC 670. You can borrow them there.
manufacturing_book,Which level has the manufacturing books?,Manufacturing books are located on Level 2A under DDC 670. You can borrow them there.
manufacturing_book,What floor are the manufacturing books on?,Manufacturing books are located on Level 2A under DDC 670. You can borrow them there.
manufacturing_book,Where can I get a manufacturing book?,Manufacturing books are located on Level 2A under DDC 670. You can borrow them there.
manufacturing_book,Which part of the library has manufacturing books?,Manufacturing books are located on Level 2A under DDC 670. You can borrow them there.
marketing_book,marketing books kat mana ah,Marketing books are located on Level 2A under DDC 658.8. You can borrow them there.
marketing_book,I nak cari marketing books,Marketing books are located on Level 2A under DDC 658.8. You can borrow them there.
marketing_book,marketing books di level mana,Marketing books are located on Level 2A under DDC 658.8. You can borrow them there.
marketing_book,I want to borrow marketing book.,Marketing books are located on Level 2A under DDC 658.8. You can borrow them there.
marketing_book,Where are marketing books?,Marketing books are located on Level 2A under DDC 658.8. You can borrow them there.
marketing_book,Where can I find mktg books?,Marketing books are located on Level 2A under DDC 658.8. You can borrow them there.
marketing_book,marketing book level what?,Marketing books are located on Level 2A under DDC 658.8. You can borrow them there.
marketing_book,where marketing books ah?,Marketing books are located on Level 2A under DDC 658.8. You can borrow them there.
marketing_book,Where is the marketing section?,Marketing books are located on Level 2A under DDC 658.8. You can borrow them there.
marketing_book,Which level has the marketing books?,Marketing books are located on Level 2A under DDC 658.8. You can borrow them there.
marketing_book,What floor are the marketing books on?,Marketing books are located on Level 2A under DDC 658.8. You can borrow them there.
marketing_book,Where can I get a marketing book?,Marketing books are located on Level 2A under DDC 658.8. You can borrow them there.
marketing_book,Which part of the library has marketing books?,Marketing books are located on Level 2A under DDC 658.8. You can borrow them there.
materials_book,materials books kat mana ah,Materials books are located on Level 1 under DDC 620.11. You can borrow them there.
materials_book,I nak cari materials books,Materials books are located on Level 1 under DDC 620.11. You can borrow them there.
materials_book,materials books di level mana,Materials books are located on Level 1 under DDC 620.11. You can borrow them there.
materials_book,I want to borrow materials book.,Materials books are located on Level 1 under DDC 620.11. You can borrow them there.
materials_book,Where are materials books?,Materials books are located on Level 1 under DDC 620.11. You can borrow them there.
materials_book,Where can I find materials books?,Materials books are located on Level 1 under DDC 620.11. You can borrow them there.
materials_book,materials book level what?,Materials books are located on Level 1 under DDC 620.11. You can borrow them there.
materials_book,where materials books ah?,Materials books are located on Level 1 under DDC 620.11. You can borrow them there.
materials_book,Where is the materials section?,Materials books are located on Level 1 under DDC 620.11. You can borrow them there.
materials_book,Which level has the materials books?,Materials books are located on Level 1 under DDC 620.11. You can borrow them there.
materials_book,What floor are the materials books on?,Materials books are located on Level 1 under DDC 620.11. You can borrow them there.
materials_book,Where can I get a materials book?,Materials books are located on Level 1 under DDC 620.11. You can borrow them there.
materials_book,Which part of the library has materials books?,Materials books are located on Level 1 under DDC 620.11. You can borrow them there.
mm_book,mm books kat mana ah,Mathematics books are located on Level 1 under DDC 510. You can borrow them there.
mm_book,I nak cari mm books,Mathematics books are located on Level 1 under DDC 510. You can borrow them there.
mm_book,mm books di level mana,Mathematics books are located on Level 1 under DDC 510. You can borrow them there.
mm_book,I want to borrow mm book.,Mathematics books are located on Level 1 under DDC 510. You can borrow them there.
mm_book,Where are mm books?,Mathematics books are located on Level 1 under DDC 510. You can borrow them there.
mm_book,Where can I find mm books?,Mathematics books are located on Level 1 under DDC 510. You can borrow them there.
mm_book,mm book level what?,Mathematics books are located on Level 1 under DDC 510. You can borrow them there.
mm_book,where mm books ah?,Mathematics books are located on Level 1 under DDC 510. You can borrow them there.
mm_book,Where is the mm section?,Mathematics books are located on Level 1 under DDC 510. You can borrow them there.
mm_book,Which level has the mm books?,Mathematics books are located on Level 1 under DDC 510. You can borrow them there.
mm_book,What floor are the mm books on?,Mathematics books are located on Level 1 under DDC 510. You can borrow them there.
mm_book,Where can I get a mm book?,Mathematics books are located on Level 1 under DDC 510. You can borrow them there.
mm_book,Which part of the library has mm books?,Mathematics books are located on Level 1 under DDC 510. You can borrow them there.
math_book,math books kat mana ah,Mathematics books are located on Level 1 under DDC 510. You can borrow them there.
math_book,I nak cari math books,Mathematics books are located on Level 1 under DDC 510. You can borrow them there.
math_book,math books di level mana,Mathematics books are located on Level 1 under DDC 510. You can borrow them there.
math_book,I want to borrow math book.,Mathematics books are located on Level 1 under DDC 510. You can borrow them there.
math_book,Where are math books?,Mathematics books are located on Level 1 under DDC 510. You can borrow them there.
math_book,Where can I find math books?,Mathematics books are located on Level 1 under DDC 510. You can borrow them there.
math_book,math book level what?,Mathematics books are located on Level 1 under DDC 510. You can borrow them there.
math_book,where math books ah?,Mathematics books are located on Level 1 under DDC 510. You can borrow them there.
math_book,Where is the math section?,Mathematics books are located on Level 1 under DDC 510. You can borrow them there.
math_book,Which level has the math books?,Mathematics books are located on Level 1 under DDC 510. You can borrow them there.
math_book,What floor are the math books on?,Mathematics books are located on Level 1 under DDC 510. You can borrow them there.
math_book,Where can I get a math book?,Mathematics books are located on Level 1 under DDC 510. You can borrow them there.
math_book,Which part of the library has math books?,Mathematics books are located on Level 1 under DDC 510. You can borrow them there.
mathematics_book,mathematics books kat mana ah,Mathematics books are located on Level 1 under DDC 510. You can borrow them there.
mathematics_book,I nak cari mathematics books,Mathematics books are located on Level 1 under DDC 510. You can borrow them there.
mathematics_book,mathematics books di level mana,Mathematics books are located on Level 1 under DDC 510. You can borrow them there.
mathematics_book,I want to borrow mathematics book.,Mathematics books are located on Level 1 under DDC 510. You can borrow them there.
mathematics_book,Where are mathematics books?,Mathematics books are located on Level 1 under DDC 510. You can borrow them there.
mathematics_book,Where can I find math books?,Mathematics books are located on Level 1 under DDC 510. You can borrow them there.
mathematics_book,maths book level what?,Mathematics books are located on Level 1 under DDC 510. You can borrow them there.
mathematics_book,where mathematics books ah?,Mathematics books are located on Level 1 under DDC 510. You can borrow them there.
mathematics_book,Where is the mathematics section?,Mathematics books are located on Level 1 under DDC 510. You can borrow them there.
mathematics_book,Which level has the mathematics books?,Mathematics books are located on Level 1 under DDC 510. You can borrow them there.
mathematics_book,What floor are the mathematics books on?,Mathematics books are located on Level 1 under DDC 510. You can borrow them there.
mathematics_book,Where can I get a mathematics book?,Mathematics books are located on Level 1 under DDC 510. You can borrow them there.
mathematics_book,Which part of the library has mathematics books?,Mathematics books are located on Level 1 under DDC 510. You can borrow them there.
mechanical_engineering_book,mechanical engineering books kat mana ah,Mechanical engineering books are located on Level 1 under DDC 621. You can borrow them there.
mechanical_engineering_book,I nak cari mechanical engineering books,Mechanical engineering books are located on Level 1 under DDC 621. You can borrow them there.
mechanical_engineering_book,mechanical engineering books di level mana,Mechanical engineering books are located on Level 1 under DDC 621. You can borrow them there.
mechanical_engineering_book,I want to borrow mechanical engineering book.,Mechanical engineering books are located on Level 1 under DDC 621. You can borrow them there.
mechanical_engineering_book,Where are mechanical engineering books?,Mechanical engineering books are located on Level 1 under DDC 621. You can borrow them there.
mechanical_engineering_book,Where can I find ME books?,Mechanical engineering books are located on Level 1 under DDC 621. You can borrow them there.
mechanical_engineering_book,mech eng book level what?,Mechanical engineering books are located on Level 1 under DDC 621. You can borrow them there.
mechanical_engineering_book,where mechanical engineering books ah?,Mechanical engineering books are located on Level 1 under DDC 621. You can borrow them there.
mechanical_engineering_book,Where is the mechanical engineering section?,Mechanical engineering books are located on Level 1 under DDC 621. You can borrow them there.
mechanical_engineering_book,Which level has the mechanical engineering books?,Mechanical engineering books are located on Level 1 under DDC 621. You can borrow them there.
mechanical_engineering_book,What floor are the mechanical engineering books on?,Mechanical engineering books are located on Level 1 under DDC 621. You can borrow them there.
mechanical_engineering_book,Where can I get a mechanical engineering book?,Mechanical engineering books are located on Level 1 under DDC 621. You can borrow them there.
mechanical_engineering_book,Which part of the library has mechanical engineering books?,Mechanical engineering books are located on Level 1 under DDC 621. You can borrow them there.
mechatronics_book,mechatronics books kat mana ah,Mechatronics books are located on Level 1 under DDC 621. You can borrow them there.
mechatronics_book,I nak cari mechatronics books,Mechatronics books are located on Level 1 under DDC 621. You can borrow them there.
mechatronics_book,mechatronics books di level mana,Mechatronics books are located on Level 1 under DDC 621. You can borrow them there.
mechatronics_book,I want to borrow mechatronics book.,Mechatronics books are located on Level 1 under DDC 621. You can borrow them there.
mechatronics_book,Where are mechatronics books?,Mechatronics books are located on Level 1 under DDC 621. You can borrow them there.
mechatronics_book,Where can I find mechatronics books?,Mechatronics books are located on Level 1 under DDC 621. You can borrow them there.
mechatronics_book,mechatronics book level what?,Mechatronics books are located on Level 1 under DDC 621. You can borrow them there.
mechatronics_book,where mechatronics books ah?,Mechatronics books are located on Level 1 under DDC 621. You can borrow them there.
mechatronics_book,Where is the mechatronics section?,Mechatronics books are located on Level 1 under DDC 621. You can borrow them there.
mechatronics_book,Which level has the mechatronics books?,Mechatronics books are located on Level 1 under DDC 621. You can borrow them there.
mechatronics_book,What floor are the mechatronics books on?,Mechatronics books are located on Level 1 under DDC 621. You can borrow them there.
mechatronics_book,Where can I get a mechatronics book?,Mechatronics books are located on Level 1 under DDC 621. You can borrow them there.
mechatronics_book,Which part of the library has mechatronics books?,Mechatronics books are located on Level 1 under DDC 621. You can borrow them there.
media_book,media books kat mana ah,Media books are located on Level 1A under DDC 302.23. You can borrow them there.
media_book,I nak cari media books,Media books are located on Level 1A under DDC 302.23. You can borrow them there.
media_book,media books di level mana,Media books are located on Level 1A under DDC 302.23. You can borrow them there.
media_book,I want to borrow media book.,Media books are located on Level 1A under DDC 302.23. You can borrow them there.
media_book,Where are media books?,Media books are located on Level 1A under DDC 302.23. You can borrow them there.
media_book,Where can I find media books?,Media books are located on Level 1A under DDC 302.23. You can borrow them there.
media_book,media book level what?,Media books are located on Level 1A under DDC 302.23. You can borrow them there.
media_book,where media books ah?,Media books are located on Level 1A under DDC 302.23. You can borrow them there.
media_book,Where is the media section?,Media books are located on Level 1A under DDC 302.23. You can borrow them there.
media_book,Which level has the media books?,Media books are located on Level 1A under DDC 302.23. You can borrow them there.
media_book,What floor are the media books on?,Media books are located on Level 1A under DDC 302.23. You can borrow them there.
media_book,Where can I get a media book?,Media books are located on Level 1A under DDC 302.23. You can borrow them there.
media_book,Which part of the library has media books?,Media books are located on Level 1A under DDC 302.23. You can borrow them there.
microeconomics_book,microeconomics books kat mana ah,Microeconomics books are located on Level 1A under DDC 338.5. You can borrow them there.
microeconomics_book,I nak cari microeconomics books,Microeconomics books are located on Level 1A under DDC 338.5. You can borrow them there.
microeconomics_book,microeconomics books di level mana,Microeconomics books are located on Level 1A under DDC 338.5. You can borrow them there.
microeconomics_book,I want to borrow microeconomics book.,Microeconomics books are located on Level 1A under DDC 338.5. You can borrow them there.
microeconomics_book,Where are microeconomics books?,Microeconomics books are located on Level 1A under DDC 338.5. You can borrow them there.
microeconomics_book,Where can I find microeconomics books?,Microeconomics books are located on Level 1A under DDC 338.5. You can borrow them there.
microeconomics_book,microeconomics book level what?,Microeconomics books are located on Level 1A under DDC 338.5. You can borrow them there.
microeconomics_book,where microeconomics books ah?,Microeconomics books are located on Level 1A under DDC 338.5. You can borrow them there.
microeconomics_book,Where is the microeconomics section?,Microeconomics books are located on Level 1A under DDC 338.5. You can borrow them there.
microeconomics_book,Which level has the microeconomics books?,Microeconomics books are located on Level 1A under DDC 338.5. You can borrow them there.
microeconomics_book,What floor are the microeconomics books on?,Microeconomics books are located on Level 1A under DDC 338.5. You can borrow them there.
microeconomics_book,Where can I get a microeconomics book?,Microeconomics books are located on Level 1A under DDC 338.5. You can borrow them there.
microeconomics_book,Which part of the library has microeconomics books?,Microeconomics books are located on Level 1A under DDC 338.5. You can borrow them there.
multimedia_systems_book,multimedia systems books kat mana ah,Multimedia systems books are located on Level 1A under DDC 6.7. You can borrow them there.
multimedia_systems_book,I nak cari multimedia systems books,Multimedia systems books are located on Level 1A under DDC 6.7. You can borrow them there.
multimedia_systems_book,multimedia systems books di level mana,Multimedia systems books are located on Level 1A under DDC 6.7. You can borrow them there.
multimedia_systems_book,I want to borrow multimedia systems book.,Multimedia systems books are located on Level 1A under DDC 6.7. You can borrow them there.
multimedia_systems_book,Where are multimedia systems books?,Multimedia systems books are located on Level 1A under DDC 6.7. You can borrow them there.
multimedia_systems_book,Where can I find multimedia books?,Multimedia systems books are located on Level 1A under DDC 6.7. You can borrow them there.
multimedia_systems_book,multimedia systems book level what?,Multimedia systems books are located on Level 1A under DDC 6.7. You can borrow them there.
multimedia_systems_book,where multimedia systems books ah?,Multimedia systems books are located on Level 1A under DDC 6.7. You can borrow them there.
multimedia_systems_book,Where is the multimedia systems section?,Multimedia systems books are located on Level 1A under DDC 6.7. You can borrow them there.
multimedia_systems_book,Which level has the multimedia systems books?,Multimedia systems books are located on Level 1A under DDC 6.7. You can borrow them there.
multimedia_systems_book,What floor are the multimedia systems books on?,Multimedia systems books are located on Level 1A under DDC 6.7. You can borrow them there.
multimedia_systems_book,Where can I get a multimedia systems book?,Multimedia systems books are located on Level 1A under DDC 6.7. You can borrow them there.
multimedia_systems_book,Which part of the library has multimedia systems books?,Multimedia systems books are located on Level 1A under DDC 6.7. You can borrow them there.
nutrition_book,nutrition books kat mana ah,Nutrition books are located on Level 1 under DDC 613.2. You can borrow them there.
nutrition_book,I nak cari nutrition books,Nutrition books are located on Level 1 under DDC 613.2. You can borrow them there.
nutrition_book,nutrition books di level mana,Nutrition books are located on Level 1 under DDC 613.2. You can borrow them there.
nutrition_book,I want to borrow nutrition book.,Nutrition books are located on Level 1 under DDC 613.2. You can borrow them there.
nutrition_book,Where are nutrition books?,Nutrition books are located on Level 1 under DDC 613.2. You can borrow them there.
nutrition_book,Where can I find nutrition books?,Nutrition books are located on Level 1 under DDC 613.2. You can borrow them there.
nutrition_book,nutrition book level what?,Nutrition books are located on Level 1 under DDC 613.2. You can borrow them there.
nutrition_book,where nutrition books ah?,Nutrition books are located on Level 1 under DDC 613.2. You can borrow them there.
nutrition_book,Where is the nutrition section?,Nutrition books are located on Level 1 under DDC 613.2. You can borrow them there.
nutrition_book,Which level has the nutrition books?,Nutrition books are located on Level 1 under DDC 613.2. You can borrow them there.
nutrition_book,What floor are the nutrition books on?,Nutrition books are located on Level 1 under DDC 613.2. You can borrow them there.
nutrition_book,Where can I get a nutrition book?,Nutrition books are located on Level 1 under DDC 613.2. You can borrow them there.
nutrition_book,Which part of the library has nutrition books?,Nutrition books are located on Level 1 under DDC 613.2. You can borrow them there.
fitness_book,fitness books kat mana ah,Physical fitness books are located on Level 1 under DDC 613.7. You can borrow them there.
fitness_book,I nak cari fitness books,Physical fitness books are located on Level 1 under DDC 613.7. You can borrow them there.
fitness_book,fitness books di level mana,Physical fitness books are located on Level 1 under DDC 613.7. You can borrow them there.
fitness_book,I want to borrow fitness book.,Physical fitness books are located on Level 1 under DDC 613.7. You can borrow them there.
fitness_book,Where are fitness books?,Physical fitness books are located on Level 1 under DDC 613.7. You can borrow them there.
fitness_book,Where can I find fitness books?,Physical fitness books are located on Level 1 under DDC 613.7. You can borrow them there.
fitness_book,fitness book level what?,Physical fitness books are located on Level 1 under DDC 613.7. You can borrow them there.
fitness_book,where fitness books ah?,Physical fitness books are located on Level 1 under DDC 613.7. You can borrow them there.
fitness_book,Where is the fitness section?,Physical fitness books are located on Level 1 under DDC 613.7. You can borrow them there.
fitness_book,Which level has the fitness books?,Physical fitness books are located on Level 1 under DDC 613.7. You can borrow them there.
fitness_book,What floor are the fitness books on?,Physical fitness books are located on Level 1 under DDC 613.7. You can borrow them there.
fitness_book,Where can I get a fitness book?,Physical fitness books are located on Level 1 under DDC 613.7. You can borrow them there.
fitness_book,Which part of the library has fitness books?,Physical fitness books are located on Level 1 under DDC 613.7. You can borrow them there.
physical_fitness_book,physical fitness books kat mana ah,Physical fitness books are located on Level 1 under DDC 613.7. You can borrow them there.
physical_fitness_book,I nak cari physical fitness books,Physical fitness books are located on Level 1 under DDC 613.7. You can borrow them there.
physical_fitness_book,physical fitness books di level mana,Physical fitness books are located on Level 1 under DDC 613.7. You can borrow them there.
physical_fitness_book,I want to borrow physical fitness book.,Physical fitness books are located on Level 1 under DDC 613.7. You can borrow them there.
physical_fitness_book,Where are physical fitness books?,Physical fitness books are located on Level 1 under DDC 613.7. You can borrow them there.
physical_fitness_book,Where can I find fitness books?,Physical fitness books are located on Level 1 under DDC 613.7. You can borrow them there.
physical_fitness_book,physical fitness book level what?,Physical fitness books are located on Level 1 under DDC 613.7. You can borrow them there.
physical_fitness_book,where physical fitness books ah?,Physical fitness books are located on Level 1 under DDC 613.7. You can borrow them there.
physical_fitness_book,Where is the nutrition section?,Physical fitness books are located on Level 1 under DDC 613.7. You can borrow them there.
physical_fitness_book,Which level has the physical fitness books?,Physical fitness books are located on Level 1 under DDC 613.7. You can borrow them there.
physical_fitness_book,What floor are the physical fitness books on?,Physical fitness books are located on Level 1 under DDC 613.7. You can borrow them there.
physical_fitness_book,Where can I get a physical fitness book?,Physical fitness books are located on Level 1 under DDC 613.7. You can borrow them there.
physical_fitness_book,Which part of the library has physical fitness books?,Physical fitness books are located on Level 1 under DDC 613.7. You can borrow them there.
physics_book,pyhsics books kat mana ah,Physics books are located on Level 1 under DDC 530. You can borrow them there.
physics_book,I nak cari pyhsics books,Physics books are located on Level 1 under DDC 530. You can borrow them there.
physics_book,pyhsics books di level mana,Physics books are located on Level 1 under DDC 530. You can borrow them there.
physics_book,I want to borrow physics book.,Physics books are located on Level 1 under DDC 530. You can borrow them there.
physics_book,Where are physics books?,Physics books are located on Level 1 under DDC 530. You can borrow them there.
physics_book,Where can I find physics books?,Physics books are located on Level 1 under DDC 530. You can borrow them there.
physics_book,physics book level what?,Physics books are located on Level 1 under DDC 530. You can borrow them there.
physics_book,where physics books ah?,Physics books are located on Level 1 under DDC 530. You can borrow them there.
physics_book,Where is the physics section?,Physics books are located on Level 1 under DDC 530. You can borrow them there.
physics_book,Which level has the physics books?,Physics books are located on Level 1 under DDC 530. You can borrow them there.
physics_book,What floor are the physics books on?,Physics books are located on Level 1 under DDC 530. You can borrow them there.
physics_book,Where can I get a physics book?,Physics books are located on Level 1 under DDC 530. You can borrow them there.
physics_book,Which part of the library has physics books?,Physics books are located on Level 1 under DDC 530. You can borrow them there.
psychology_book,psychology books kat mana ah,Psychology books are located on Level 1A under DDC 150. You can borrow them there.
psychology_book,I nak cari psychology books,Psychology books are located on Level 1A under DDC 150. You can borrow them there.
psychology_book,psychology books di level mana,Psychology books are located on Level 1A under DDC 150. You can borrow them there.
psychology_book,I want to borrow psychology book.,Psychology books are located on Level 1A under DDC 150. You can borrow them there.
psychology_book,Where are psychology books?,Psychology books are located on Level 1A under DDC 150. You can borrow them there.
psychology_book,Where can I find psych books?,Psychology books are located on Level 1A under DDC 150. You can borrow them there.
psychology_book,psychology book level what?,Psychology books are located on Level 1A under DDC 150. You can borrow them there.
psychology_book,where psychology books ah?,Psychology books are located on Level 1A under DDC 150. You can borrow them there.
psychology_book,Where is the psychology section?,Psychology books are located on Level 1A under DDC 150. You can borrow them there.
psychology_book,Which level has the psychology books?,Psychology books are located on Level 1A under DDC 150. You can borrow them there.
psychology_book,What floor are the psychology books on?,Psychology books are located on Level 1A under DDC 150. You can borrow them there.
psychology_book,Where can I get a psychology book?,Psychology books are located on Level 1A under DDC 150. You can borrow them there.
psychology_book,Which part of the library has psychology books?,Psychology books are located on Level 1A under DDC 150. You can borrow them there.
pr_book,pr books kat mana ah,Public relations books are located on Level 2A under DDC 659.2. You can borrow them there.
pr_book,I nak cari pr books,Public relations books are located on Level 2A under DDC 659.2. You can borrow them there.
pr_book,pr books di level mana,Public relations books are located on Level 2A under DDC 659.2. You can borrow them there.
pr_book,I want to borrow pr book.,Public relations books are located on Level 2A under DDC 659.2. You can borrow them there.
pr_book,Where are pr books?,Public relations books are located on Level 2A under DDC 659.2. You can borrow them there.
pr_book,Where can I find pr books?,Public relations books are located on Level 2A under DDC 659.2. You can borrow them there.
pr_book,pr book level what?,Public relations books are located on Level 2A under DDC 659.2. You can borrow them there.
pr_book,where pr books ah?,Public relations books are located on Level 2A under DDC 659.2. You can borrow them there.
pr_book,Where is the pr section?,Public relations books are located on Level 2A under DDC 659.2. You can borrow them there.
pr_book,Which level has the pr books?,Public relations books are located on Level 2A under DDC 659.2. You can borrow them there.
pr_book,What floor are the pr books on?,Public relations books are located on Level 2A under DDC 659.2. You can borrow them there.
pr_book,Where can I get a pr book?,Public relations books are located on Level 2A under DDC 659.2. You can borrow them there.
pr_book,Which part of the library has pr books?,Public relations books are located on Level 2A under DDC 659.2. You can borrow them there.
public_relations_book,public relations books kat mana ah,Public relations books are located on Level 2A under DDC 659.2. You can borrow them there.
public_relations_book,I nak cari public relations books,Public relations books are located on Level 2A under DDC 659.2. You can borrow them there.
public_relations_book,public relations books di level mana,Public relations books are located on Level 2A under DDC 659.2. You can borrow them there.
public_relations_book,I want to borrow public relations book.,Public relations books are located on Level 2A under DDC 659.2. You can borrow them there.
public_relations_book,Where are public relations books?,Public relations books are located on Level 2A under DDC 659.2. You can borrow them there.
public_relations_book,Where can I find public relation books?,Public relations books are located on Level 2A under DDC 659.2. You can borrow them there.
public_relations_book,public relations book level what?,Public relations books are located on Level 2A under DDC 659.2. You can borrow them there.
public_relations_book,where public relations books ah?,Public relations books are located on Level 2A under DDC 659.2. You can borrow them there.
public_relations_book,Where is the public relations section?,Public relations books are located on Level 2A under DDC 659.2. You can borrow them there.
public_relations_book,Which level has the public relations books?,Public relations books are located on Level 2A under DDC 659.2. You can borrow them there.
public_relations_book,What floor are the public relations books on?,Public relations books are located on Level 2A under DDC 659.2. You can borrow them there.
public_relations_book,Where can I get a public relations book?,Public relations books are located on Level 2A under DDC 659.2. You can borrow them there.
public_relations_book,Which part of the library has public relations books?,Public relations books are located on Level 2A under DDC 659.2. You can borrow them there.
qs_book,qs books kat mana ah,Quantity surveying books are located on Level 2A under DDC 659.5. You can borrow them there.
qs_book,I nak cari qs books,Quantity surveying books are located on Level 2A under DDC 659.5. You can borrow them there.
qs_book,qs books di level mana,Quantity surveying books are located on Level 2A under DDC 659.5. You can borrow them there.
qs_book,I want to borrow qs book.,Quantity surveying books are located on Level 2A under DDC 659.5. You can borrow them there.
qs_book,Where are qs books?,Quantity surveying books are located on Level 2A under DDC 659.5. You can borrow them there.
qs_book,Where can I find qs books?,Quantity surveying books are located on Level 2A under DDC 659.5. You can borrow them there.
qs_book,qs book level what?,Quantity surveying books are located on Level 2A under DDC 659.5. You can borrow them there.
qs_book,where qs books ah?,Quantity surveying books are located on Level 2A under DDC 659.5. You can borrow them there.
qs_book,Where is the qs section?,Quantity surveying books are located on Level 2A under DDC 659.5. You can borrow them there.
qs_book,Which level has the qs books?,Quantity surveying books are located on Level 2A under DDC 659.5. You can borrow them there.
qs_book,What floor are the qs books on?,Quantity surveying books are located on Level 2A under DDC 659.5. You can borrow them there.
qs_book,Where can I get a qs book?,Quantity surveying books are located on Level 2A under DDC 659.5. You can borrow them there.
qs_book,Which part of the library has qs books?,Quantity surveying books are located on Level 2A under DDC 659.5. You can borrow them there.
quantity_surveying_book,quantity surveying books kat mana ah,Quantity surveying books are located on Level 2A under DDC 659.5. You can borrow them there.
quantity_surveying_book,I nak cari quantity surveying books,Quantity surveying books are located on Level 2A under DDC 659.5. You can borrow them there.
quantity_surveying_book,quantity surveying books di level mana,Quantity surveying books are located on Level 2A under DDC 659.5. You can borrow them there.
quantity_surveying_book,I want to borrow quantity surveying book.,Quantity surveying books are located on Level 2A under DDC 659.5. You can borrow them there.
quantity_surveying_book,Where are quantity surveying books?,Quantity surveying books are located on Level 2A under DDC 659.5. You can borrow them there.
quantity_surveying_book,Where can I find quantity surveying books?,Quantity surveying books are located on Level 2A under DDC 659.5. You can borrow them there.
quantity_surveying_book,quantity surveying book level what?,Quantity surveying books are located on Level 2A under DDC 659.5. You can borrow them there.
quantity_surveying_book,where quantity surveying books ah?,Quantity surveying books are located on Level 2A under DDC 659.5. You can borrow them there.
quantity_surveying_book,Where is the quantity surveying section?,Quantity surveying books are located on Level 2A under DDC 659.5. You can borrow them there.
quantity_surveying_book,Which level has the quantity surveying books?,Quantity surveying books are located on Level 2A under DDC 659.5. You can borrow them there.
quantity_surveying_book,What floor are the quantity surveying books on?,Quantity surveying books are located on Level 2A under DDC 659.5. You can borrow them there.
quantity_surveying_book,Where can I get a quantity surveying book?,Quantity surveying books are located on Level 2A under DDC 659.5. You can borrow them there.
quantity_surveying_book,Which part of the library has quantity surveying books?,Quantity surveying books are located on Level 2A under DDC 659.5. You can borrow them there.
re_book,re books kat mana ah,Real estate books are located on Level 1A under DDC 333.3. You can borrow them there.
re_book,I nak cari re books,Real estate books are located on Level 1A under DDC 333.3. You can borrow them there.
re_book,re books di level mana,Real estate books are located on Level 1A under DDC 333.3. You can borrow them there.
re_book,I want to borrow re book.,Real estate books are located on Level 1A under DDC 333.3. You can borrow them there.
re_book,Where are re books?,Real estate books are located on Level 1A under DDC 333.3. You can borrow them there.
re_book,Where can I find re books?,Real estate books are located on Level 1A under DDC 333.3. You can borrow them there.
re_book,re book level what?,Real estate books are located on Level 1A under DDC 333.3. You can borrow them there.
re_book,where re books ah?,Real estate books are located on Level 1A under DDC 333.3. You can borrow them there.
re_book,Where is the re section?,Real estate books are located on Level 1A under DDC 333.3. You can borrow them there.
re_book,Which level has the re books?,Real estate books are located on Level 1A under DDC 333.3. You can borrow them there.
re_book,What floor are the re books on?,Real estate books are located on Level 1A under DDC 333.3. You can borrow them there.
re_book,Where can I get a re book?,Real estate books are located on Level 1A under DDC 333.3. You can borrow them there.
re_book,Which part of the library has re books?,Real estate books are located on Level 1A under DDC 333.3. You can borrow them there.
real_estate_book,real estate books kat mana ah,Real estate books are located on Level 1A under DDC 333.3. You can borrow them there.
real_estate_book,I nak cari real estate books,Real estate books are located on Level 1A under DDC 333.3. You can borrow them there.
real_estate_book,real estate books di level mana,Real estate books are located on Level 1A under DDC 333.3. You can borrow them there.
real_estate_book,I want to borrow real estate book.,Real estate books are located on Level 1A under DDC 333.3. You can borrow them there.
real_estate_book,Where are real estate books?,Real estate books are located on Level 1A under DDC 333.3. You can borrow them there.
real_estate_book,Where can I find real estate books?,Real estate books are located on Level 1A under DDC 333.3. You can borrow them there.
real_estate_book,real estate book level what?,Real estate books are located on Level 1A under DDC 333.3. You can borrow them there.
real_estate_book,where real estate books ah?,Real estate books are located on Level 1A under DDC 333.3. You can borrow them there.
real_estate_book,Where is the real estate section?,Real estate books are located on Level 1A under DDC 333.3. You can borrow them there.
real_estate_book,Which level has the real estate books?,Real estate books are located on Level 1A under DDC 333.3. You can borrow them there.
real_estate_book,What floor are the real estate books on?,Real estate books are located on Level 1A under DDC 333.3. You can borrow them there.
real_estate_book,Where can I get a real estate book?,Real estate books are located on Level 1A under DDC 333.3. You can borrow them there.
real_estate_book,Which part of the library has real estate books?,Real estate books are located on Level 1A under DDC 333.3. You can borrow them there.
statistics_book,statistics books kat mana ah,Statistics books are located on Level 1 under DDC 519.5. You can borrow them there.
statistics_book,I nak cari statistics books,Statistics books are located on Level 1 under DDC 519.5. You can borrow them there.
statistics_book,statistics books di level mana,Statistics books are located on Level 1 under DDC 519.5. You can borrow them there.
statistics_book,I want to borrow statistics book.,Statistics books are located on Level 1 under DDC 519.5. You can borrow them there.
statistics_book,Where are statistics books?,Statistics books are located on Level 1 under DDC 519.5. You can borrow them there.
statistics_book,Where can I find statistics books?,Statistics books are located on Level 1 under DDC 519.5. You can borrow them there.
statistics_book,statistics book level what?,Statistics books are located on Level 1 under DDC 519.5. You can borrow them there.
statistics_book,where statistics books ah?,Statistics books are located on Level 1 under DDC 519.5. You can borrow them there.
statistics_book,Where is the statistics section?,Statistics books are located on Level 1 under DDC 519.5. You can borrow them there.
statistics_book,Which level has the statistics books?,Statistics books are located on Level 1 under DDC 519.5. You can borrow them there.
statistics_book,What floor are the statistics books on?,Statistics books are located on Level 1 under DDC 519.5. You can borrow them there.
statistics_book,Where can I get a statistics book?,Statistics books are located on Level 1 under DDC 519.5. You can borrow them there.
statistics_book,Which part of the library has statistics books?,Statistics books are located on Level 1 under DDC 519.5. You can borrow them there.
tourism_book,tourism books kat mana ah,Tourism books are located on Level 1A under DDC 338.4791. You can borrow them there.
tourism_book,I nak cari tourism books,Tourism books are located on Level 1A under DDC 338.4791. You can borrow them there.
tourism_book,tourism books di level mana,Tourism books are located on Level 1A under DDC 338.4791. You can borrow them there.
tourism_book,I want to borrow tourism book.,Tourism books are located on Level 1A under DDC 338.4791. You can borrow them there.
tourism_book,Where are tourism books?,Tourism books are located on Level 1A under DDC 338.4791. You can borrow them there.
tourism_book,Where can I find tourism books?,Tourism books are located on Level 1A under DDC 338.4791. You can borrow them there.
tourism_book,tourism book level what?,Tourism books are located on Level 1A under DDC 338.4791. You can borrow them there.
tourism_book,where tourism books ah?,Tourism books are located on Level 1A under DDC 338.4791. You can borrow them there.
tourism_book,Where is the tourism section?,Tourism books are located on Level 1A under DDC 338.4791. You can borrow them there.
tourism_book,Which level has the tourism books?,Tourism books are located on Level 1A under DDC 338.4791. You can borrow them there.
tourism_book,What floor are the tourism books on?,Tourism books are located on Level 1A under DDC 338.4791. You can borrow them there.
tourism_book,Where can I get a tourism book?,Tourism books are located on Level 1A under DDC 338.4791. You can borrow them there.
tourism_book,Which part of the library has tourism books?,Tourism books are located on Level 1A under DDC 338.4791. You can borrow them there.
